-- MySQL dump 10.13  Distrib 8.0.32, for Win64 (x86_64)
--
-- Host: 127.0.0.1    Database: usercenter_db
-- ------------------------------------------------------
-- Server version	8.0.32

/*!40101 SET @OLD_CHARACTER_SET_CLIENT=@@CHARACTER_SET_CLIENT */;
/*!40101 SET @OLD_CHARACTER_SET_RESULTS=@@CHARACTER_SET_RESULTS */;
/*!40101 SET @OLD_COLLATION_CONNECTION=@@COLLATION_CONNECTION */;
/*!50503 SET NAMES utf8mb4 */;
/*!40103 SET @OLD_TIME_ZONE=@@TIME_ZONE */;
/*!40103 SET TIME_ZONE='+00:00' */;
/*!40014 SET @OLD_UNIQUE_CHECKS=@@UNIQUE_CHECKS, UNIQUE_CHECKS=0 */;
/*!40014 SET @OLD_FOREIGN_KEY_CHECKS=@@FOREIGN_KEY_CHECKS, FOREIGN_KEY_CHECKS=0 */;
/*!40101 SET @OLD_SQL_MODE=@@SQL_MODE, SQL_MODE='NO_AUTO_VALUE_ON_ZERO' */;
/*!40111 SET @OLD_SQL_NOTES=@@SQL_NOTES, SQL_NOTES=0 */;

--
-- Table structure for table `course`
--

DROP TABLE IF EXISTS `course`;
/*!40101 SET @saved_cs_client     = @@character_set_client */;
/*!50503 SET character_set_client = utf8mb4 */;
CREATE TABLE `course` (
  `course_id` int NOT NULL AUTO_INCREMENT,
  `course_name` varchar(255) CHARACTER SET utf8mb3 COLLATE utf8mb3_general_ci NOT NULL,
  PRIMARY KEY (`course_id`) USING BTREE
) ENGINE=InnoDB AUTO_INCREMENT=1027 DEFAULT CHARSET=utf8mb3 ROW_FORMAT=DYNAMIC;
/*!40101 SET character_set_client = @saved_cs_client */;

--
-- Dumping data for table `course`
--

LOCK TABLES `course` WRITE;
/*!40000 ALTER TABLE `course` DISABLE KEYS */;
INSERT INTO `course` VALUES (1000,'数据结构'),(1001,'计算机组成原理'),(1002,'操作系统'),(1003,'数字逻辑'),(1004,'世界艺术史'),(1005,'离散数学'),(1006,'微积分'),(1007,'大学物理'),(1008,'计算机网络'),(1009,'诗词'),(1010,'莎士比亚戏剧'),(1011,'素描'),(1012,'生命学导论'),(1013,'足球'),(1014,'自行车'),(1015,'排球'),(1016,'篮球'),(1017,'瑜伽'),(1018,'软件工程'),(1019,'线性代数'),(1026,'马原');
/*!40000 ALTER TABLE `course` ENABLE KEYS */;
UNLOCK TABLES;

--
-- Table structure for table `course_schedule`
--

DROP TABLE IF EXISTS `course_schedule`;
/*!40101 SET @saved_cs_client     = @@character_set_client */;
/*!50503 SET character_set_client = utf8mb4 */;
CREATE TABLE `course_schedule` (
  `semester` int NOT NULL COMMENT '01-春，02-夏，03-秋，04-冬',
  `course_id` int NOT NULL,
  `teacher_id` int NOT NULL,
  `time` varchar(255) CHARACTER SET utf8mb3 COLLATE utf8mb3_general_ci NOT NULL,
  `capacity` int NOT NULL,
  PRIMARY KEY (`semester`,`course_id`,`teacher_id`,`time`)
) ENGINE=InnoDB DEFAULT CHARSET=utf8mb3 ROW_FORMAT=DYNAMIC;
/*!40101 SET character_set_client = @saved_cs_client */;

--
-- Dumping data for table `course_schedule`
--

LOCK TABLES `course_schedule` WRITE;
/*!40000 ALTER TABLE `course_schedule` DISABLE KEYS */;
INSERT INTO `course_schedule` VALUES (202303,1000,10000,'一3-4',29),(202303,1000,10001,'一3-4',30),(202303,1000,10002,'二5-6',30),(202303,1000,10010,'三7-8',30),(202303,1005,10021,'四5-6',30),(202303,1026,10038,'五7-8',30),(202304,1000,10000,'一3-4',30),(202304,1005,10022,'四5-6',24),(202304,1005,10023,'四5-6',30),(202304,1016,10030,'二1-2',28),(202401,1000,10000,'一3-4',30),(202401,1000,10001,'一3-4',30),(202401,1002,10070,'五7-8',30),(202401,1003,10085,'三7-8',30),(202401,1005,10084,'三7-8',30),(202401,1007,10069,'四5-6',30),(202401,1008,10010,'二3-4',30),(202401,1008,10094,'四5-6',30),(202401,1009,10081,'三7-8',30),(202401,1011,10013,'一3-4',30),(202401,1012,10020,'一5-6',30),(202401,1012,10033,'一5-6',30),(202401,1013,10031,'五7-8',30),(202401,1013,10032,'五7-8',30),(202401,1014,10093,'二3-4',30),(202401,1017,10058,'四5-6',30),(202401,1018,10038,'五7-8',30);
/*!40000 ALTER TABLE `course_schedule` ENABLE KEYS */;
UNLOCK TABLES;

--
-- Table structure for table `course_selection`
--

DROP TABLE IF EXISTS `course_selection`;
/*!40101 SET @saved_cs_client     = @@character_set_client */;
/*!50503 SET character_set_client = utf8mb4 */;
CREATE TABLE `course_selection` (
  `semester` int NOT NULL COMMENT '01-春，02-夏，03-秋，04-冬',
  `course_id` int NOT NULL,
  `teacher_id` int NOT NULL,
  `student_id` int NOT NULL,
  PRIMARY KEY (`semester`,`course_id`,`teacher_id`,`student_id`) USING BTREE
) ENGINE=InnoDB DEFAULT CHARSET=utf8mb3 ROW_FORMAT=DYNAMIC;
/*!40101 SET character_set_client = @saved_cs_client */;

--
-- Dumping data for table `course_selection`
--

LOCK TABLES `course_selection` WRITE;
/*!40000 ALTER TABLE `course_selection` DISABLE KEYS */;
INSERT INTO `course_selection` VALUES (202303,1000,10000,21036),(202303,1000,10000,21058),(202303,1000,10000,21072),(202303,1000,10000,21079),(202303,1000,10000,21109),(202303,1000,10000,21186),(202303,1000,10000,21208),(202303,1000,10000,21218),(202303,1000,10000,21251),(202303,1000,10000,21282),(202303,1000,10000,21335),(202303,1000,10000,21338),(202303,1000,10000,21374),(202303,1000,10000,21407),(202303,1000,10000,21430),(202303,1000,10000,21449),(202303,1000,10000,21505),(202303,1000,10000,21530),(202303,1000,10000,21578),(202303,1000,10000,21583),(202303,1000,10000,21595),(202303,1000,10000,21608),(202303,1000,10000,21750),(202303,1000,10000,21786),(202303,1000,10000,21846),(202303,1000,10000,21849),(202303,1000,10000,21870),(202303,1000,10000,21872),(202303,1000,10000,21873),(202303,1026,10038,21036),(202304,1016,10030,21036),(202304,1016,10030,21058),(202304,1016,10030,21072),(202304,1016,10030,21079),(202304,1016,10030,21109),(202304,1016,10030,21179),(202401,1017,10058,21036);
/*!40000 ALTER TABLE `course_selection` ENABLE KEYS */;
UNLOCK TABLES;
/*!50003 SET @saved_cs_client      = @@character_set_client */ ;
/*!50003 SET @saved_cs_results     = @@character_set_results */ ;
/*!50003 SET @saved_col_connection = @@collation_connection */ ;
/*!50003 SET character_set_client  = utf8mb4 */ ;
/*!50003 SET character_set_results = utf8mb4 */ ;
/*!50003 SET collation_connection  = utf8mb4_0900_ai_ci */ ;
/*!50003 SET @saved_sql_mode       = @@sql_mode */ ;
/*!50003 SET sql_mode              = 'ONLY_FULL_GROUP_BY,STRICT_TRANS_TABLES,NO_ZERO_IN_DATE,NO_ZERO_DATE,ERROR_FOR_DIVISION_BY_ZERO,NO_ENGINE_SUBSTITUTION' */ ;
DELIMITER ;;
/*!50003 CREATE*/ /*!50017 DEFINER=`root`@`localhost`*/ /*!50003 TRIGGER `update_course_capacity_on_withdrawal` AFTER DELETE ON `course_selection` FOR EACH ROW BEGIN
    UPDATE course_schedule
    SET capacity = capacity + 1
    WHERE course_id = OLD.course_id
      AND semester = OLD.semester
      AND teacher_id = OLD.teacher_id;
END */;;
DELIMITER ;
/*!50003 SET sql_mode              = @saved_sql_mode */ ;
/*!50003 SET character_set_client  = @saved_cs_client */ ;
/*!50003 SET character_set_results = @saved_cs_results */ ;
/*!50003 SET collation_connection  = @saved_col_connection */ ;

--
-- Table structure for table `score`
--

DROP TABLE IF EXISTS `score`;
/*!40101 SET @saved_cs_client     = @@character_set_client */;
/*!50503 SET character_set_client = utf8mb4 */;
CREATE TABLE `score` (
  `semester` int NOT NULL COMMENT '01-春，02-夏，03-秋，04-冬',
  `course_id` int NOT NULL,
  `student_id` int NOT NULL,
  `score` int DEFAULT NULL,
  PRIMARY KEY (`semester`,`course_id`,`student_id`) USING BTREE
) ENGINE=InnoDB DEFAULT CHARSET=utf8mb3 ROW_FORMAT=DYNAMIC;
/*!40101 SET character_set_client = @saved_cs_client */;

--
-- Dumping data for table `score`
--

LOCK TABLES `score` WRITE;
/*!40000 ALTER TABLE `score` DISABLE KEYS */;
INSERT INTO `score` VALUES (202303,1000,21036,85),(202303,1000,21058,59),(202303,1000,21072,59),(202303,1000,21079,76),(202303,1000,21109,92),(202303,1000,21179,65),(202303,1000,21186,73),(202303,1000,21208,82),(202303,1000,21218,61),(202303,1000,21251,66),(202303,1000,21282,85),(202303,1000,21335,78),(202303,1000,21338,80),(202303,1000,21374,84),(202303,1000,21407,61),(202303,1000,21430,66),(202303,1000,21449,82),(202303,1000,21505,50),(202303,1000,21530,88),(202303,1000,21578,54),(202303,1000,21583,72),(202303,1000,21595,55),(202303,1000,21608,67),(202303,1000,21750,50),(202303,1000,21786,83),(202303,1000,21846,99),(202303,1000,21849,91),(202303,1000,21870,76),(202303,1000,21872,65),(202303,1000,21873,86),(202303,1026,21036,91);
/*!40000 ALTER TABLE `score` ENABLE KEYS */;
UNLOCK TABLES;

--
-- Table structure for table `user`
--

DROP TABLE IF EXISTS `user`;
/*!40101 SET @saved_cs_client     = @@character_set_client */;
/*!50503 SET character_set_client = utf8mb4 */;
CREATE TABLE `user` (
  `id` int NOT NULL AUTO_INCREMENT,
  `password` varchar(255) CHARACTER SET utf8mb3 COLLATE utf8mb3_general_ci NOT NULL,
  `name` varchar(255) CHARACTER SET utf8mb3 COLLATE utf8mb3_general_ci NOT NULL,
  `role` int NOT NULL COMMENT '0-管理员，1-学生，2-老师',
  PRIMARY KEY (`id`) USING BTREE
) ENGINE=InnoDB AUTO_INCREMENT=30007 DEFAULT CHARSET=utf8mb3 ROW_FORMAT=DYNAMIC;
/*!40101 SET character_set_client = @saved_cs_client */;

--
-- Dumping data for table `user`
--

LOCK TABLES `user` WRITE;
/*!40000 ALTER TABLE `user` DISABLE KEYS */;
INSERT INTO `user` VALUES (10000,'5dhhERIT0o','侯璐',2),(10001,'anHeuNENdD','毛子异',2),(10002,'P3xVG6WJTo','阎秀英',2),(10003,'1ajJ3xUz84','梁子异',2),(10004,'gwwmg8tr26','韩詩涵',2),(10005,'gq9j10Pq7I','熊睿',2),(10006,'CnXkAFMdcE','苏安琪',2),(10007,'9D0dSan4JE','陈詩涵',2),(10008,'nCoRuwQOzL','吴璐',2),(10009,'h2jwUWdwij','杨詩涵',2),(10010,'WA4aLTF8X1','林子韬',2),(10011,'oxspv8RSTS','谢秀英',2),(10012,'iuKrJlaOjW','蔡璐',2),(10013,'t6e7GUY38H','蒋秀英',2),(10014,'xvhUYQm76Z','钟子韬',2),(10015,'8bsuAFYw2k','孟岚',2),(10016,'PD8IDznYxl','杨致远',2),(10017,'axPPHqXVtu','于子韬',2),(10018,'7QN8MB6SOV','潘璐',2),(10019,'ZT2WLAK0EW','于璐',2),(10020,'ZzCN9Fbl8F','戴嘉伦',2),(10021,'ZpzC6e7wYt','薛子异',2),(10022,'z3TGLdwCna','王詩涵',2),(10023,'JFHmnIQuso','姜晓明',2),(10024,'WIbvk5SCdL','孟子韬',2),(10025,'FRkrJzOJkL','尹云熙',2),(10026,'i07RxHReoY','胡致远',2),(10027,'lSJeI1Pnm7','程嘉伦',2),(10028,'LF9fgwJLpH','钱嘉伦',2),(10029,'agRjSUKNcF','韩秀英',2),(10030,'xnBhfHb5zT','王睿',2),(10031,'vycIIuqucd','邵宇宁',2),(10032,'ro9sZ2QyE0','郝子韬',2),(10033,'OGBbo5q12z','秦致远',2),(10034,'RNUqlS8Dot','卢璐',2),(10035,'eyTz3ZEQZJ','彭震南',2),(10036,'0MLF2Fpvmo','马杰宏',2),(10037,'oOJWIkEiDm','方晓明',2),(10038,'2YB5guLKcn','吴秀英',2),(10039,'Gq0zDLdYnQ','王岚',2),(10040,'hNEnZPBREV','崔岚',2),(10041,'0smJNXSQEM','夏子韬',2),(10042,'dAUpQazFcW','郑嘉伦',2),(10043,'uV92zLPzK7','胡璐',2),(10044,'865jFeyVDn','阎子韬',2),(10045,'AcejUQazNU','于詩涵',2),(10046,'RjEXsp74vC','萧詩涵',2),(10047,'0WDI8VxaMt','廖宇宁',2),(10048,'27aioMOcXL','贺致远',2),(10049,'jIo1fAbYZu','萧秀英',2),(10050,'Zn0C0FF2WB','孟晓明',2),(10051,'YoYrYMhlsp','武嘉伦',2),(10052,'YsSKNifPIg','田晓明',2),(10053,'1xwLwdHg21','陈璐',2),(10054,'JVNDRvOV9R','黄岚',2),(10055,'1lEREELEb3','唐睿',2),(10056,'ctgtQMceGL','余睿',2),(10057,'Tp8vKGL6eW','孔宇宁',2),(10058,'oECcS5EzK7','钱詩涵',2),(10059,'XoqI0Ie81Y','莫云熙',2),(10060,'V7Njf6hLWm','任睿',2),(10061,'yLkNodINSj','姜宇宁',2),(10062,'2htyu1yfZG','韦睿',2),(10063,'utX3qkW0BA','宋杰宏',2),(10064,'Oil5lerI1n','熊云熙',2),(10065,'I6WZWF7hrT','曾璐',2),(10066,'94hw94enFT','邹子异',2),(10067,'CdLzp5h0iE','叶安琪',2),(10068,'lBYXw3rgOZ','廖璐',2),(10069,'CFPjpMgt3x','任晓明',2),(10070,'WSXLiV46vF','吕子异',2),(10071,'uSDYXxPGIe','蒋杰宏',2),(10072,'pExY6vGQpp','韩詩涵',2),(10073,'EdDSAFXdm0','吕璐',2),(10074,'7pDLH0Qjqv','贾子韬',2),(10075,'MlZBwKBNn6','宋宇宁',2),(10076,'7AtZjpvDsD','向詩涵',2),(10077,'33nOTNnpDC','汪安琪',2),(10078,'jTjHdjMvM7','雷杰宏',2),(10079,'IKZwhjLR4J','江嘉伦',2),(10080,'nyfBzbICKB','贺晓明',2),(10081,'ZCtGT2weti','孔致远',2),(10082,'mJW9iJS2vh','林嘉伦',2),(10083,'mVTAhwwSDD','汪宇宁',2),(10084,'WCZ7YYHfNQ','于子韬',2),(10085,'GebpPcAeT0','龚璐',2),(10086,'E5KnKLbokp','姚杰宏',2),(10087,'o3xYevgjhq','梁詩涵',2),(10088,'LhxGmqtZgT','董致远',2),(10089,'Dwztx8tabS','蔡安琪',2),(10090,'vXfCc30Pdk','傅嘉伦',2),(10091,'kHpk2p3jN3','陈安琪',2),(10092,'aBqzG7Ci07','汪嘉伦',2),(10093,'55Rvdd8WAn','曾杰宏',2),(10094,'86DQJiwPVR','常子异',2),(10095,'8uNdz4MOr1','李致远',2),(10096,'oRH8vEAZ4N','孙詩涵',2),(10097,'tNxiKGzqD0','汪云熙',2),(10098,'pgL9mjN8tj','罗子韬',2),(10099,'TrRmeTgWAQ','卢安琪',2),(21000,'wdps9lmxXj','雷杰宏',1),(21001,'z8SFEIpj6Y','段云熙',1),(21002,'lGJj8cWkYd','刘震南',1),(21003,'7txBjGgRPG','孙岚',1),(21004,'K7DXSS9ncq','马安琪',1),(21005,'v04dbmczTQ','董子韬',1),(21006,'eGezOvz3Mh','金子异',1),(21007,'80Sy6kBGNG','邹子韬',1),(21008,'rmrXpUqMza','宋宇宁',1),(21009,'rMrMQqYmWk','江杰宏',1),(21010,'tVkwe8cCSY','高子异',1),(21011,'Ie3K4doNAc','范震南',1),(21012,'sZQxqKaveg','于震南',1),(21013,'zXnYyE0bOV','许安琪',1),(21014,'QeHIaPVaB7','吕晓明',1),(21015,'Gk1OkDaHOr','史致远',1),(21016,'9EnydGuLyL','孙宇宁',1),(21017,'IPkPkM15tA','郭震南',1),(21018,'ROgumu0Wib','谢震南',1),(21019,'amXoE2ZCDy','顾云熙',1),(21020,'hZA7UGjQhE','梁晓明',1),(21021,'4WHQ1dIz1i','叶詩涵',1),(21022,'wORIArFC15','陆睿',1),(21023,'DacpKs4ivt','陶子韬',1),(21024,'OnddhTN11r','熊睿',1),(21025,'GJbUT0PTFN','贺嘉伦',1),(21026,'Sc6akVJyku','莫安琪',1),(21027,'wxgJsUaHrq','段璐',1),(21028,'wetrp1FUjc','石安琪',1),(21029,'mluYFilypA','范宇宁',1),(21030,'l0L8XmEO2g','程云熙',1),(21031,'X8B8k4G39a','姜嘉伦',1),(21032,'5pxRVqnYHx','郑宇宁',1),(21033,'M5JFDJEjIZ','余嘉伦',1),(21034,'7TfEZVO3ja','沈安琪',1),(21035,'whgP91N2QJ','彭安琪',1),(21036,'yWhISjKg1a','于秀英',1),(21037,'uWiTB3H1OD','冯震南',1),(21038,'CfqmGotdzz','毛秀英',1),(21039,'RvZ7jHkbVg','姜詩涵',1),(21040,'r3a0z9Wvxq','王嘉伦',1),(21041,'xBs8XKiuWA','吴詩涵',1),(21042,'SpXpYvYsTz','李子韬',1),(21043,'1YTYEqQlvO','于致远',1),(21044,'WPLjiGTRS6','罗杰宏',1),(21045,'3hSIfUkvNw','袁安琪',1),(21046,'pqktIHRJ7F','周杰宏',1),(21047,'x5X33omdKJ','贺震南',1),(21048,'5isunQ2Gxo','尹晓明',1),(21049,'JiGEdSrnA3','曾云熙',1),(21050,'tPFiUquX65','崔安琪',1),(21051,'mNqx5RabXa','黎璐',1),(21052,'tTIS1yEzjl','薛子异',1),(21053,'KAwM21uE2T','萧云熙',1),(21054,'Lc8W5flMhp','顾致远',1),(21055,'jF5EV4ebyf','苏子异',1),(21056,'94ppZOztl0','常嘉伦',1),(21057,'UFp4LrQkDA','冯致远',1),(21058,'Sc9LwScsAj','贾云熙',1),(21059,'Et73S75tOg','郭晓明',1),(21060,'jHjgSVjqw6','范致远',1),(21061,'mW6Vz9vD9D','罗子异',1),(21062,'cZjs1SNRW0','曾岚',1),(21063,'ihR4xLfss2','袁子异',1),(21064,'2avrs3fLeY','彭詩涵',1),(21065,'L1gVYfzkn1','刘睿',1),(21066,'JJHCDPxtUn','梁安琪',1),(21067,'bQkhV95jOh','常震南',1),(21068,'3LQc57MCbB','金子异',1),(21069,'jmSqI1SrPo','熊秀英',1),(21070,'dBlF6woQgW','于云熙',1),(21071,'fkEH03XCbB','郑震南',1),(21072,'TG7XwmRN3E','苏秀英',1),(21073,'COf9M5nrEG','金晓明',1),(21074,'c0hPpWWWby','吴宇宁',1),(21075,'VeiJnNDgCh','毛云熙',1),(21076,'OUIWNcpJUe','金晓明',1),(21077,'YYqJIT3fp7','梁震南',1),(21078,'jsMly9FKFI','钱璐',1),(21079,'EasRUOp9vY','姚秀英',1),(21080,'klRKkH2OIc','谭睿',1),(21081,'IkXvxyT0LN','彭子韬',1),(21082,'HKopUMtpvO','夏杰宏',1),(21083,'145y9j2f6g','韩詩涵',1),(21084,'ean4FX0LHz','高子韬',1),(21085,'cXlGi80qVb','江秀英',1),(21086,'WY9iPYfFMp','谭岚',1),(21087,'K0938iH2SA','贺詩涵',1),(21088,'q66bOlxj9d','田子韬',1),(21089,'qkYioqKhJv','赵安琪',1),(21090,'9ivQwH2Xls','贾子异',1),(21091,'fLXf4gsct5','武致远',1),(21092,'hdlqrgPuXc','朱詩涵',1),(21093,'uIZsTDvR82','武睿',1),(21094,'WWEeuPxfoQ','孙晓明',1),(21095,'wcefftbRXX','戴宇宁',1),(21096,'mC82cNwvLt','龙睿',1),(21097,'WiikretSiu','卢睿',1),(21098,'z1xwK6Jhon','段秀英',1),(21099,'YRTffESmFH','蒋致远',1),(21100,'LEBO3e7bPC','吕睿',1),(21101,'quXd1JkqYa','胡詩涵',1),(21102,'uj3L1UWce0','卢子异',1),(21103,'17imzsChIg','莫嘉伦',1),(21104,'5By1OcFsMu','潘云熙',1),(21105,'55fAvQcQF1','姜詩涵',1),(21106,'yZ4FKiCTSs','谢秀英',1),(21107,'tQmvEupF89','江璐',1),(21108,'wMJpKIfNi0','段致远',1),(21109,'AafwEjMMme','魏子韬',1),(21110,'a7L5ULjo65','莫子韬',1),(21111,'yHIvHdDWfb','江子韬',1),(21112,'fNDfsXJc9Y','谢云熙',1),(21113,'iqQRpID4LD','杜晓明',1),(21114,'jEk30374Sj','雷嘉伦',1),(21115,'9zqhEHodhH','萧云熙',1),(21116,'n0cwoLqcuP','夏睿',1),(21117,'OIa0nbjKOx','侯杰宏',1),(21118,'KFdSKU8Yqa','严睿',1),(21119,'tK9c7rg0iM','毛震南',1),(21120,'ezYQmaYxXd','朱安琪',1),(21121,'v6LDohmC83','林秀英',1),(21122,'MJAdNq52ey','石璐',1),(21123,'fWxd4Zl1im','邹云熙',1),(21124,'iqDoB8uM5X','郭晓明',1),(21125,'98JmFiD9iu','罗晓明',1),(21126,'5aXkYQ89Jo','朱宇宁',1),(21127,'WbMTg2iwq6','戴云熙',1),(21128,'3aS9BVZ0uc','孔睿',1),(21129,'TGXb4OtWzb','夏嘉伦',1),(21130,'WbIV2O1nxN','侯云熙',1),(21131,'curPMa6VCL','许云熙',1),(21132,'AvZXwPGHcc','陆秀英',1),(21133,'3pk7FyJA44','黄岚',1),(21134,'YHWUe3iaKR','崔晓明',1),(21135,'e6z9NTSSJD','龚詩涵',1),(21136,'6UkjRzSlJV','孙嘉伦',1),(21137,'g0OC0gUJp4','胡晓明',1),(21138,'cBXz993nxb','韩子异',1),(21139,'P1uPdLeuih','薛晓明',1),(21140,'5Y98FHZSuE','贾秀英',1),(21141,'b0DOYL4iDm','胡杰宏',1),(21142,'BFK7FReqvo','邱詩涵',1),(21143,'XleDROXTKd','谢璐',1),(21144,'MeNwvaAOsv','冯云熙',1),(21145,'DnY4ccyJoZ','黄秀英',1),(21146,'eYmpniQkLh','孔宇宁',1),(21147,'UGpHaBRhwF','蔡宇宁',1),(21148,'avl0njy0s2','吴子异',1),(21149,'nE3Wh5HnG2','任岚',1),(21150,'Xh954xewKo','郝宇宁',1),(21151,'jA8wfvkKlo','向睿',1),(21152,'RcrXHmv3UR','龙睿',1),(21153,'BOPsxD0Myc','段睿',1),(21154,'kCo9cvSRaS','范杰宏',1),(21155,'uuwJ2rCUNE','尹晓明',1),(21156,'3VlshAmtLl','蒋子韬',1),(21157,'Ssfyy3n95o','黎云熙',1),(21158,'vXTB2MuBZz','方睿',1),(21159,'JHIFa5n4fe','姚致远',1),(21160,'0ve07ehLhX','钟詩涵',1),(21161,'2TLDC8AoYV','陶致远',1),(21162,'mxJrIJ8Eha','姜晓明',1),(21163,'xL5oFhMLSH','贾云熙',1),(21164,'TXcan1I6y6','唐璐',1),(21165,'ubOe0Ve087','曹嘉伦',1),(21166,'A4VSxWUL0k','吴璐',1),(21167,'LgOk7vMnPx','傅岚',1),(21168,'63b3RbkSTf','姜杰宏',1),(21169,'Zat1wuRbsb','秦云熙',1),(21170,'M4D2Du4S5R','邵璐',1),(21171,'Yxa5HUNvfg','刘震南',1),(21172,'GADI1rLiHH','薛晓明',1),(21173,'W8zA5qyYeR','邵晓明',1),(21174,'14neVaAkJw','范岚',1),(21175,'dxxsbkNYSX','邵杰宏',1),(21176,'POY1MtB5Oc','雷子韬',1),(21177,'UUrAjH8yAx','薛詩涵',1),(21178,'aHPhBDDpuZ','曹云熙',1),(21179,'Gjvar9k9ku','雷震南',1),(21180,'j4oX9juaaP','常安琪',1),(21181,'fUAcwjz5mx','蒋詩涵',1),(21182,'rY9EWZsdri','段宇宁',1),(21183,'z5IaauN50J','唐嘉伦',1),(21184,'ADxCjlhHkg','杜云熙',1),(21185,'gTnqnYfRCr','余嘉伦',1),(21186,'aQJjTaqY2k','方云熙',1),(21187,'c3CnRWFI5D','余宇宁',1),(21188,'G1dw1yHctE','陆安琪',1),(21189,'X1Axsq70OZ','谢云熙',1),(21190,'VZo2o9hK86','邓震南',1),(21191,'RuP21K1zpl','石睿',1),(21192,'vosjWREWeJ','曹宇宁',1),(21193,'pMA9YxIEwz','武晓明',1),(21194,'BdYiBEYliR','钟杰宏',1),(21195,'3BbFZ1uyLv','苏震南',1),(21196,'DeIpDhmyqU','龙秀英',1),(21197,'LIluDrHOQZ','汤杰宏',1),(21198,'88Xq9vEiBn','傅致远',1),(21199,'zMBLhDK6o1','戴宇宁',1),(21200,'YcSp6DruJT','冯子韬',1),(21201,'yAdME9vAO3','邹晓明',1),(21202,'IE1lg9jZ03','彭秀英',1),(21203,'CjfqfFYKie','薛致远',1),(21204,'G2ud5TYPMg','苏宇宁',1),(21205,'lO7GS5RlPe','侯子异',1),(21206,'Y7juaXYJwN','彭子异',1),(21207,'WpaC7nErRl','潘安琪',1),(21208,'pUXHUfgXIl','徐秀英',1),(21209,'2i0bnMjaQX','尹子异',1),(21210,'gu4UyjuYuT','金云熙',1),(21211,'4gLolcFY9r','石岚',1),(21212,'fXabU6ylLv','张嘉伦',1),(21213,'jwGsj3Rjcx','叶震南',1),(21214,'O1SBHRPDPG','于宇宁',1),(21215,'D2SeOMvNee','黄致远',1),(21216,'deZDnmYl1f','阎晓明',1),(21217,'VYMa0hojYl','宋璐',1),(21218,'HGkWi8Y8ge','郝安琪',1),(21219,'BgqpRYNzsC','罗嘉伦',1),(21220,'KiytSv1gTt','唐云熙',1),(21221,'1txdsSEyht','张璐',1),(21222,'BHLRuDZjaS','吴嘉伦',1),(21223,'RXvrxQ0xj5','尹宇宁',1),(21224,'VczkLEY5Av','韦詩涵',1),(21225,'0bg5V3EY4A','郝云熙',1),(21226,'OWL2dwAdlM','萧子韬',1),(21227,'StrqbXNcEO','阎子韬',1),(21228,'hBmwwVvb6W','金杰宏',1),(21229,'KWPMwlIDeW','汤云熙',1),(21230,'MPMllpP8RT','许岚',1),(21231,'L9F0htqKhv','陆安琪',1),(21232,'t1fUNlwZHt','黎璐',1),(21233,'dIXSK4opVB','朱岚',1),(21234,'qwX9p8oqTg','邵安琪',1),(21235,'l0rL6ghJlh','姚璐',1),(21236,'RjJcWMNjvO','冯晓明',1),(21237,'rDUIqMMNdp','魏子韬',1),(21238,'bNUUDPAbVJ','严致远',1),(21239,'zjg0tTorKW','周岚',1),(21240,'i8Q0ZhkRbi','郑睿',1),(21241,'p3TnWQYazU','朱晓明',1),(21242,'EYg4oicPGN','曾嘉伦',1),(21243,'eHnUwiEueE','邹子异',1),(21244,'C0yIhB6OTs','龙岚',1),(21245,'Wd4JH2RNtq','潘子韬',1),(21246,'CdnsGBm5bL','黄震南',1),(21247,'iCfMOePTO1','郭嘉伦',1),(21248,'B5ZMutzhXO','田子异',1),(21249,'7mgoQC0A5K','戴子韬',1),(21250,'56QBRx6vlU','邓子韬',1),(21251,'enaN9tnF2d','侯子异',1),(21252,'52K9dNqxe3','杨宇宁',1),(21253,'0hkCKBTUJS','孔璐',1),(21254,'VKMZraoIeN','严安琪',1),(21255,'63Ge8PLFsX','沈晓明',1),(21256,'qwJB4INKBu','石詩涵',1),(21257,'f3bG11l47Z','宋云熙',1),(21258,'llzNKWhrHt','杜岚',1),(21259,'HycR3dLewI','钱詩涵',1),(21260,'7UIHoeawq3','唐云熙',1),(21261,'dmlX8MQE7x','潘詩涵',1),(21262,'r1Lra0xGLx','孙璐',1),(21263,'IOdTbZqqfC','曹詩涵',1),(21264,'pIyjMqCOiy','龚睿',1),(21265,'UcAuFAsK4m','程致远',1),(21266,'eYU1nxT6J0','贾致远',1),(21267,'N00DhlzGHA','侯嘉伦',1),(21268,'qr7BsdCOEA','田子异',1),(21269,'9CyeAnsBKH','萧云熙',1),(21270,'umMljWzxDJ','薛子韬',1),(21271,'cPWSRLC0CA','曾嘉伦',1),(21272,'FbNtZcPLbm','于詩涵',1),(21273,'0MtTtwMweB','袁子韬',1),(21274,'FU6tYXEyZE','夏致远',1),(21275,'0zA2B9mLRG','陈致远',1),(21276,'4KsdrDqpj2','卢睿',1),(21277,'PMpUC1PfUg','郑晓明',1),(21278,'1gai2fTMR9','马致远',1),(21279,'g1nbdWuWl0','董致远',1),(21280,'OMThlJWA2w','金岚',1),(21281,'FfpqGfpYoU','何杰宏',1),(21282,'4l7XABqGq5','廖云熙',1),(21283,'USFgPsScxk','杜云熙',1),(21284,'zVx5F9flEO','陈子韬',1),(21285,'kHRNtTZBZQ','周杰宏',1),(21286,'pPCAEwDTMr','徐子韬',1),(21287,'hgYP6sqhXD','郑晓明',1),(21288,'qBNN75UaIG','高嘉伦',1),(21289,'rHb9YuhIct','方致远',1),(21290,'dy39k6aZXe','陆詩涵',1),(21291,'ESMiUfLtoF','方致远',1),(21292,'k8p9pIgpts','田嘉伦',1),(21293,'cga2UZzefX','陆睿',1),(21294,'X9OoavyPCW','蔡秀英',1),(21295,'jHHpBBaJUd','宋嘉伦',1),(21296,'jOCSGs2YPM','向璐',1),(21297,'LyGh8Noini','崔杰宏',1),(21298,'NxqglTXbzb','袁嘉伦',1),(21299,'WFD7XxPwo4','陆嘉伦',1),(21300,'NMPSsB93yL','宋致远',1),(21301,'Tumr8Cflyu','严璐',1),(21302,'YCba1p9FE8','陶岚',1),(21303,'7RV47c0n68','毛岚',1),(21304,'pkS6CpVRn3','邵子异',1),(21305,'gpxES3FNGz','杜詩涵',1),(21306,'HJ6rd7pAoY','余嘉伦',1),(21307,'skybeekNoA','谭杰宏',1),(21308,'ktrtBiTBuA','彭岚',1),(21309,'ulXX0BXXBh','秦子异',1),(21310,'6X9grK9PMu','江致远',1),(21311,'AWg98Ah63a','郝睿',1),(21312,'fmEVhc9gGA','毛晓明',1),(21313,'uBVOihKHqj','汤晓明',1),(21314,'BnWhYqHAAj','马震南',1),(21315,'wqrRW1RTIy','顾嘉伦',1),(21316,'oslhMkdqKp','谭秀英',1),(21317,'bp4XNQvH5L','梁詩涵',1),(21318,'y8VSTkUSbm','金子韬',1),(21319,'wsajL6EYqf','龙秀英',1),(21320,'I2LMdKuHi1','任子异',1),(21321,'TMrr5OxODc','陈睿',1),(21322,'DVOlaZOZVu','徐睿',1),(21323,'NIWdLZoTla','谭安琪',1),(21324,'jyS9QNFfkr','邓杰宏',1),(21325,'J6XdjHsE4h','张杰宏',1),(21326,'f5TxEttocQ','胡震南',1),(21327,'itMMIPtOiw','胡安琪',1),(21328,'DOnKCLqHI4','任致远',1),(21329,'SKbt8IeYw6','唐子异',1),(21330,'SnwPwISIOu','苏子异',1),(21331,'8KbboLnxMX','向睿',1),(21332,'6dSSQOkU9j','段岚',1),(21333,'YQWg73RrSP','戴詩涵',1),(21334,'eVncPjxO9v','熊晓明',1),(21335,'mcf4bpyV5I','王云熙',1),(21336,'bvYbKaxrb4','夏秀英',1),(21337,'6qcX8lt4wr','韦嘉伦',1),(21338,'8AxAAE8YNH','郭子韬',1),(21339,'qythhZMQbY','秦子异',1),(21340,'t9q9Yp6jjk','武詩涵',1),(21341,'2sfMi0M44a','武杰宏',1),(21342,'CdA1BfEWyV','吴璐',1),(21343,'yyMh5m2cEz','戴晓明',1),(21344,'C5fNIHQHvq','萧震南',1),(21345,'GwcxEwiis0','卢睿',1),(21346,'hJ1uEaIKwY','曹秀英',1),(21347,'vA9ZtAuvf9','潘岚',1),(21348,'lJM4F4PZc5','郑安琪',1),(21349,'xEToQJxhqM','蔡宇宁',1),(21350,'0kXDHlGaZl','马子异',1),(21351,'0obmvj0wvF','姚子异',1),(21352,'mtXPhsqfrX','丁云熙',1),(21353,'8KE1REQAyA','彭秀英',1),(21354,'plGXJE0Rnq','钟安琪',1),(21355,'pjPKwU3LQ7','黄云熙',1),(21356,'XGKKA9A7XG','石安琪',1),(21357,'iizsrRUnUF','卢子异',1),(21358,'DCEsJqB99s','江杰宏',1),(21359,'bTfNySRejL','周子异',1),(21360,'IaNzX4CyJf','杨子韬',1),(21361,'TeD0ei0no6','史晓明',1),(21362,'RWMXrJ35QP','董嘉伦',1),(21363,'rloiprs0IK','贺子异',1),(21364,'vHAcq3DFNM','沈致远',1),(21365,'X3OD0dFvcr','周睿',1),(21366,'Rlhyc2dtvc','丁致远',1),(21367,'ZZRM2n88tq','阎致远',1),(21368,'yaWXf1JIYq','徐杰宏',1),(21369,'Uu48qZ3bAX','武宇宁',1),(21370,'46BweQnFE7','傅子异',1),(21371,'tCaj71iMMC','石子异',1),(21372,'EsoLoroJH0','蒋宇宁',1),(21373,'VkFmaUPHxJ','苏璐',1),(21374,'A90J9uBZot','唐嘉伦',1),(21375,'fTQLZfxSdG','罗詩涵',1),(21376,'p8HwvDHr1j','段嘉伦',1),(21377,'zlGtckcT74','常岚',1),(21378,'Ytrq5ASUye','莫子异',1),(21379,'jdLWGD5Cqp','吴杰宏',1),(21380,'aSVMDfOFOM','熊震南',1),(21381,'nJzqIseDb8','韩岚',1),(21382,'NP4N6lc5ah','赵子韬',1),(21383,'wwrHrckoLz','汪宇宁',1),(21384,'PRnKyK6bUP','谢宇宁',1),(21385,'mtxJFkYzyu','董晓明',1),(21386,'QesIDJrhwM','侯晓明',1),(21387,'v6LFL2BBE6','丁震南',1),(21388,'hGVFzWtX4F','曾晓明',1),(21389,'GoNkfXnCLa','尹岚',1),(21390,'gJ3pWFr1lf','杨岚',1),(21391,'GbyNxsIokD','邹晓明',1),(21392,'KFTZD4636N','叶秀英',1),(21393,'JxsLPvWpdR','何岚',1),(21394,'ilTeA2I2rM','郑秀英',1),(21395,'EQ81URYzQU','薛震南',1),(21396,'pLf29i1zYV','熊安琪',1),(21397,'d9SXxE7cV9','方岚',1),(21398,'uXNRS9O8cT','姜致远',1),(21399,'pkzXCIpODT','杨璐',1),(21400,'lQljfYkJTK','廖詩涵',1),(21401,'XO8XedVa7H','徐詩涵',1),(21402,'yvmdUcOmxj','江杰宏',1),(21403,'qrM9fyNNvm','韩致远',1),(21404,'EbtmAi6hnP','金晓明',1),(21405,'ad8ARSCLcU','郭晓明',1),(21406,'WiTyKNRrVL','邱詩涵',1),(21407,'4XQx2fPUma','胡宇宁',1),(21408,'Etuhan0BKn','方嘉伦',1),(21409,'LlkrqD3GwR','董云熙',1),(21410,'fJGuS1XvvJ','韩晓明',1),(21411,'EOtsgD2S1Y','姜岚',1),(21412,'XfndIvUHJV','马云熙',1),(21413,'ppn7c4GIFd','邹宇宁',1),(21414,'l4bvG7dKvd','王嘉伦',1),(21415,'hpGQ37uDL9','龙杰宏',1),(21416,'QsbT1IJWke','孙璐',1),(21417,'Xbza0uSMJe','毛晓明',1),(21418,'UkNGu6Wol0','汤杰宏',1),(21419,'uEkfMpnV1j','梁云熙',1),(21420,'uUmTlneQ3Q','彭睿',1),(21421,'m5OlLJdp0h','钱璐',1),(21422,'chmlYQyKHE','郭詩涵',1),(21423,'CAyC7bmwSs','刘晓明',1),(21424,'R0bg7WS9CZ','顾子异',1),(21425,'pulMZ25RZE','胡杰宏',1),(21426,'03iWiPJ6AH','陶睿',1),(21427,'eySsqRtDqv','戴璐',1),(21428,'8MpmC68QqH','吴震南',1),(21429,'31KmBoojhU','高璐',1),(21430,'gXjyiW9Yb2','阎子异',1),(21431,'BPDb2Pds7B','赵秀英',1),(21432,'7ot5YnUzI2','黄秀英',1),(21433,'IOFZiGQaQw','田睿',1),(21434,'1QmHpuPQOQ','黄震南',1),(21435,'0qfveT6Wzu','李嘉伦',1),(21436,'9hDoTX0C4B','韩璐',1),(21437,'jjy8gITruB','方嘉伦',1),(21438,'oJgTmV50NT','王宇宁',1),(21439,'DhN9rvi8eh','韩秀英',1),(21440,'h5wdCes4Re','金致远',1),(21441,'CoMd9KGqED','于子韬',1),(21442,'GLMhP1wbCV','谢宇宁',1),(21443,'3gTLsoLA6s','韦子韬',1),(21444,'av11a1JULq','孔安琪',1),(21445,'QdYafuBwFz','任岚',1),(21446,'0yOebQL8eD','邱秀英',1),(21447,'Mn2jUtISVn','丁詩涵',1),(21448,'HVLdItbR0w','梁秀英',1),(21449,'LVhGhNhwK3','汪睿',1),(21450,'qqZRWXnG2T','熊詩涵',1),(21451,'sWKl0QuMCL','江云熙',1),(21452,'3hFRLQzr2j','侯宇宁',1),(21453,'XVAKDiTYs0','余秀英',1),(21454,'QS5SWJdKwm','许杰宏',1),(21455,'9sbARgJMyi','曹嘉伦',1),(21456,'CcAkIPZrsl','梁子韬',1),(21457,'Qi9gZqK5sW','苏安琪',1),(21458,'UyiGcPbbbV','陈震南',1),(21459,'lic3AMQdrK','姜詩涵',1),(21460,'FyWpRqBYon','沈杰宏',1),(21461,'SzCkx9aT1w','曹璐',1),(21462,'3xVsG16oIZ','黎杰宏',1),(21463,'Xy6WLAC10N','贾子韬',1),(21464,'t1RQiLHpZF','武震南',1),(21465,'utH5zCTwgr','沈詩涵',1),(21466,'XHG5jBGw6K','魏嘉伦',1),(21467,'Xy2A6bqYCp','袁睿',1),(21468,'wFf8W8wpiq','于子韬',1),(21469,'imHKoKf83S','尹嘉伦',1),(21470,'ALXD3yAeYC','莫嘉伦',1),(21471,'Mk8z3JPbqC','曾子韬',1),(21472,'C3FJsCS7c7','吕杰宏',1),(21473,'vltsBSIniI','秦詩涵',1),(21474,'H7YrWxpkhw','唐安琪',1),(21475,'ddKszpgb6r','贾子异',1),(21476,'tqpEYA81Mg','姚秀英',1),(21477,'0nTv5AvRJM','秦睿',1),(21478,'8qHIArjpTP','任云熙',1),(21479,'Ic4KF5IU6o','钟安琪',1),(21480,'MTz02Gs0aD','许詩涵',1),(21481,'oZ87duGAS0','蔡秀英',1),(21482,'pY0DTWcTYo','陆杰宏',1),(21483,'b8RTkzaKCD','江致远',1),(21484,'wwSIKx3CKJ','梁岚',1),(21485,'a4MWElSHp4','毛晓明',1),(21486,'959P9vW2J6','史子韬',1),(21487,'hLD9W5cUS8','贺子韬',1),(21488,'JZZmmXE78x','吴云熙',1),(21489,'9mtsSAgwSX','汤云熙',1),(21490,'oWfspeXk9D','邵晓明',1),(21491,'BmyiMQYPGJ','魏宇宁',1),(21492,'yNcM6R74hG','段嘉伦',1),(21493,'1QQfDla8ka','傅睿',1),(21494,'wOONZK2Hmy','苏秀英',1),(21495,'EXkRYhdFqR','彭秀英',1),(21496,'8ylTqbnk6r','田璐',1),(21497,'bifeywBFiW','任安琪',1),(21498,'5HKrD722RK','黄秀英',1),(21499,'76dIMFJgs7','郝震南',1),(21500,'ugTFo23ESw','林杰宏',1),(21501,'vPP2iBgumu','尹宇宁',1),(21502,'3EpByXSlrY','潘子韬',1),(21503,'DMzXhW0uDk','邱安琪',1),(21504,'M2Vabseu8O','姜岚',1),(21505,'UVpdQ4ghfx','胡子韬',1),(21506,'jtebWqJTpv','朱岚',1),(21507,'hcaZmiHzWz','郝杰宏',1),(21508,'9zVyKCQwpK','汪震南',1),(21509,'SXgxkQW7Q2','叶宇宁',1),(21510,'DZN7IlSmrq','余璐',1),(21511,'LoBqSNOJzU','潘睿',1),(21512,'xncETVedRh','许子韬',1),(21513,'ngfhVimhHT','赵致远',1),(21514,'7GrOqxgeeN','陆璐',1),(21515,'HNEyzw2Qip','萧致远',1),(21516,'Fbdv2o43Cn','蔡杰宏',1),(21517,'0MqVRmqQ1w','武宇宁',1),(21518,'a2Oj99tn4r','贺安琪',1),(21519,'xbXkU2Bphj','崔致远',1),(21520,'vxFz5vp1bs','范震南',1),(21521,'AoXQBNgqFg','向岚',1),(21522,'swqPNMnsyc','陈岚',1),(21523,'UdAnzARMyZ','任安琪',1),(21524,'iX0s3mUZoW','吴秀英',1),(21525,'I3IQz8JmYl','钟子韬',1),(21526,'bqT9eoeqBf','黎安琪',1),(21527,'AKqN331FK0','侯杰宏',1),(21528,'609eXca4uJ','苏云熙',1),(21529,'EK5EjwfoOa','陶秀英',1),(21530,'Tdc5LMv48d','郭璐',1),(21531,'q7S0ZepRmO','邱詩涵',1),(21532,'xPJEPnmrNx','潘子韬',1),(21533,'iuuLoVjAmg','熊岚',1),(21534,'w1yFcIGEve','唐致远',1),(21535,'elEYYa4ERN','向安琪',1),(21536,'xdrXkWxGWp','常子韬',1),(21537,'7RX7bQ4vHk','顾子异',1),(21538,'vLJAsQtXE3','莫秀英',1),(21539,'UmeGHqw9UG','程詩涵',1),(21540,'bn4Cjd72nM','刘璐',1),(21541,'6DD02dWynG','唐詩涵',1),(21542,'kJWm6W0YX1','李震南',1),(21543,'5aBH6frAB6','任詩涵',1),(21544,'ggXA91b9Yk','钟子异',1),(21545,'Z6KL25X1DB','钟安琪',1),(21546,'n9DkJ15ZBZ','孙岚',1),(21547,'o16czGCHDq','钟杰宏',1),(21548,'S7dpAE8lqT','尹震南',1),(21549,'46f4xpGxNw','王秀英',1),(21550,'3F26lGbWrv','郭安琪',1),(21551,'3kMthxUwBi','毛岚',1),(21552,'xBcluyiYWv','秦杰宏',1),(21553,'FO0lfPHBse','孙致远',1),(21554,'cnBUwOlI1N','杜子异',1),(21555,'cy5vptU4jz','方睿',1),(21556,'jXCauXrUlY','邱詩涵',1),(21557,'4Twac6O4o6','叶致远',1),(21558,'weQxgM1NQi','高晓明',1),(21559,'ZG1Q2LB5DP','崔致远',1),(21560,'BOoWqgagsg','戴詩涵',1),(21561,'Udj3jgKoex','卢安琪',1),(21562,'cLU9xxM2Q6','马子异',1),(21563,'Xk5Qa4iqO8','陶岚',1),(21564,'CWZVDQh2AA','谭云熙',1),(21565,'a61E9OTpIH','韦安琪',1),(21566,'ofYButs9Ye','龚云熙',1),(21567,'rxFcW1KRmn','莫秀英',1),(21568,'WuV99JW9Fy','邓睿',1),(21569,'dsycxpJcgH','潘秀英',1),(21570,'eWPATdoUEO','钱震南',1),(21571,'KKoXm5M0uN','谭睿',1),(21572,'lAnpr9JYzn','邓宇宁',1),(21573,'5iOHF5zJCk','梁宇宁',1),(21574,'YWRVzlU07B','严秀英',1),(21575,'re9AGgH8vD','卢震南',1),(21576,'e4apzuCH3I','于致远',1),(21577,'ZPbY58RGw7','宋秀英',1),(21578,'wWBYrSbfHv','龚秀英',1),(21579,'CgnkwX7OOo','方子异',1),(21580,'KrmFrOUdbG','毛秀英',1),(21581,'XZr8OxZoYy','刘震南',1),(21582,'qyf1wj2Glw','吴璐',1),(21583,'yVnVFKsvCR','沈子韬',1),(21584,'m53KaSZ7GD','夏杰宏',1),(21585,'7cjzhiGrV2','邓云熙',1),(21586,'vbeS4uiJjT','叶晓明',1),(21587,'XL67R5HKIb','段云熙',1),(21588,'J0uBfE6A66','陆子韬',1),(21589,'qvoXMSLBep','田安琪',1),(21590,'jhY9V11jSm','廖晓明',1),(21591,'Te5FW0FKfN','陆秀英',1),(21592,'5DllHExBUH','曹子异',1),(21593,'QkiQC32BYp','李璐',1),(21594,'si3oBkPvQ6','姚詩涵',1),(21595,'4I4xIynyJe','胡璐',1),(21596,'BvGkiKalDV','阎震南',1),(21597,'NsMLXy5Hhc','吴安琪',1),(21598,'36QZ8ZW2Rc','龚子韬',1),(21599,'GCXXTHOM1F','丁詩涵',1),(21600,'xXEKeWpapl','薛璐',1),(21601,'zlmN0XmFkf','余晓明',1),(21602,'NGGGWiOwAl','马睿',1),(21603,'5h7g7OTrwx','胡睿',1),(21604,'osU7nEvMPY','江杰宏',1),(21605,'OG0geE3mOA','石致远',1),(21606,'MZl3p8u310','郝詩涵',1),(21607,'OttuNklUrs','卢子异',1),(21608,'3Z8V7zUC7k','赵震南',1),(21609,'AkMYoZRxlL','林子异',1),(21610,'CSnx0QVWgE','田睿',1),(21611,'7ZFW6sv5TX','夏震南',1),(21612,'18Rr2P3Gjd','孙安琪',1),(21613,'ynsoju7gHT','陆睿',1),(21614,'hhwpxdK1Xe','夏睿',1),(21615,'yVMuXSiZJY','陆睿',1),(21616,'g0JlX3NDY2','贺睿',1),(21617,'8jh2Yu07uP','熊震南',1),(21618,'GDPx6CwWgO','胡子异',1),(21619,'eugv7qYdhE','宋安琪',1),(21620,'fCAzSWze2P','彭詩涵',1),(21621,'n0jJjq3DND','刘致远',1),(21622,'4bOiJzPrCY','彭岚',1),(21623,'SM3ErzyKV1','谢晓明',1),(21624,'awUWfLOuBY','罗宇宁',1),(21625,'G46gaFwa6k','邱云熙',1),(21626,'m7eDnXEUyo','秦嘉伦',1),(21627,'ljD6e4Lkne','沈秀英',1),(21628,'2FnNGr6znm','任詩涵',1),(21629,'Zp8xo7tfIQ','蒋璐',1),(21630,'JOZvMHRkl8','许晓明',1),(21631,'cni2Z5wsBX','曾子韬',1),(21632,'XRBKz2TdmC','谢睿',1),(21633,'TIcOLeyeTv','武云熙',1),(21634,'G2VSCrVBwt','杨晓明',1),(21635,'mSU5hwpUox','熊睿',1),(21636,'zN1gU58MIF','龙詩涵',1),(21637,'FGVNt20cDn','傅睿',1),(21638,'VV9BBTiFN6','韦致远',1),(21639,'y9xR4Ea7Mi','梁安琪',1),(21640,'G5CLqGFVqi','郑子韬',1),(21641,'DUPaOn40mQ','金子异',1),(21642,'vrR8ut7i8C','王子韬',1),(21643,'mG6kBLJH1t','赵詩涵',1),(21644,'6OLXChJcYO','史震南',1),(21645,'9cbw4sZ365','姚云熙',1),(21646,'je9umkkiVv','朱睿',1),(21647,'GRqr6abNjM','史宇宁',1),(21648,'GqKuJQFswt','韩致远',1),(21649,'iKBJjYVyn6','张安琪',1),(21650,'4Qaus7hMvD','邹子韬',1),(21651,'GX5B7ORYV5','夏致远',1),(21652,'eHPcDOukgj','顾致远',1),(21653,'ezM1wSm2mH','孟杰宏',1),(21654,'GXEqA0A4fC','马子韬',1),(21655,'glel9xTwkr','黎云熙',1),(21656,'Rp1qrkpWTX','常安琪',1),(21657,'RCN1BJ9njX','马宇宁',1),(21658,'KyiMjmEwcc','戴岚',1),(21659,'7kFieSzvPp','胡晓明',1),(21660,'ABf8uD23bx','向致远',1),(21661,'oGbW4FSnzS','吕安琪',1),(21662,'pSCRj8vmj1','罗杰宏',1),(21663,'uOBdZQD6X2','彭璐',1),(21664,'jBCoBTBv47','吕子异',1),(21665,'C3v7riE4cK','徐子异',1),(21666,'Rv5s5STDr6','毛秀英',1),(21667,'zdXQ86iEBG','贺震南',1),(21668,'Tkr6IIG6Uy','范嘉伦',1),(21669,'7hiPbyM6SL','曹致远',1),(21670,'lGAwe51EOB','任詩涵',1),(21671,'AL6vxeDPeD','薛璐',1),(21672,'SMgj7Hmc3C','梁致远',1),(21673,'KkFJacNzgm','马安琪',1),(21674,'l9Zh18vAG0','蒋晓明',1),(21675,'vEgVYHWO2x','贾震南',1),(21676,'cVbrzlwUoc','龙晓明',1),(21677,'20QwVh2BOk','莫秀英',1),(21678,'gsDEoi1BAj','汤秀英',1),(21679,'vwaN3k64zu','范睿',1),(21680,'dyWpkHkVLU','沈杰宏',1),(21681,'vipdUTaZ7l','杨璐',1),(21682,'Hbq8OrcUAo','吕晓明',1),(21683,'poxMh9Phwg','余詩涵',1),(21684,'qTg2Hzt0KT','石宇宁',1),(21685,'Tb3bU6rbvu','孟震南',1),(21686,'oQbdWEbhLl','陈詩涵',1),(21687,'iHyeMQ8MOM','蔡云熙',1),(21688,'bvM35g2w7E','邵秀英',1),(21689,'sMQWt3934j','廖安琪',1),(21690,'b7P192sd44','卢宇宁',1),(21691,'j6bIIQ31gF','任璐',1),(21692,'otKHOaRlr6','范云熙',1),(21693,'RkRmiEmuBS','彭秀英',1),(21694,'6X5cfSBM6p','林岚',1),(21695,'rQczMGScjh','姜睿',1),(21696,'6BZLqfT8c4','徐子韬',1),(21697,'ZBi8VKox9Q','于子韬',1),(21698,'obhKsqEYHh','蒋嘉伦',1),(21699,'wMgYFtnMrq','唐震南',1),(21700,'jz8CTqZnUL','孙璐',1),(21701,'ida5CGy1vP','向子异',1),(21702,'hA0Y5kUNNz','戴晓明',1),(21703,'5veoO6YY90','胡睿',1),(21704,'reRCatxCui','罗晓明',1),(21705,'frLm1pCA8c','侯晓明',1),(21706,'bs8BZ4Sd65','雷嘉伦',1),(21707,'V3wCOeomxo','段嘉伦',1),(21708,'pw6ZcEz3ki','丁云熙',1),(21709,'imItBD308I','余子韬',1),(21710,'8b38aWwDd7','吴睿',1),(21711,'RGAnRoIxbI','孟晓明',1),(21712,'dFLbVICCxf','朱晓明',1),(21713,'DgYHjEDaWV','常安琪',1),(21714,'54nBPtDEWb','吕璐',1),(21715,'ctmqmsio4I','陆震南',1),(21716,'HgaTh7ac6U','魏睿',1),(21717,'ZlgcUI4nr5','常宇宁',1),(21718,'Bi18WX2pUq','汪子异',1),(21719,'2gYSfPLOxK','曹璐',1),(21720,'ZUgYbyZHbZ','李云熙',1),(21721,'VLY63PYxuA','何震南',1),(21722,'8AAFXXgekc','江岚',1),(21723,'k7xrquSjA9','邱晓明',1),(21724,'sUuwuByUjU','贾致远',1),(21725,'OUVIPQsbXf','苏杰宏',1),(21726,'5njQ86mzY6','谭睿',1),(21727,'KaF1rv7KdU','崔秀英',1),(21728,'z7BgLQOcyJ','黄子异',1),(21729,'HUCuShjR3c','邱岚',1),(21730,'iVuSd5asfe','韩宇宁',1),(21731,'APyljDDvuY','卢杰宏',1),(21732,'ooYCGOwgOz','陈岚',1),(21733,'xNsR9XUvW7','谭嘉伦',1),(21734,'QiK2iK8cVK','谢宇宁',1),(21735,'2HopESZKGN','邹嘉伦',1),(21736,'aTiW8SLeP4','石杰宏',1),(21737,'bYx4kC5Bti','薛璐',1),(21738,'E21GBfR3qm','史子异',1),(21739,'SzXeNahnbw','秦詩涵',1),(21740,'LiwsYTonRA','赵致远',1),(21741,'53n8ikHjnQ','段璐',1),(21742,'fycoQBfGcm','陶秀英',1),(21743,'YF6RAQP46J','孟詩涵',1),(21744,'Ent4vt8Erk','叶震南',1),(21745,'MIFoFsfEPb','薛宇宁',1),(21746,'NsLlTajqpX','董詩涵',1),(21747,'PLAsy2FlLn','顾宇宁',1),(21748,'54TesCasvf','薛宇宁',1),(21749,'CaVhWOgjnr','黄璐',1),(21750,'60sziNbDGD','袁璐',1),(21751,'efXDk5ghrs','邹璐',1),(21752,'NlqlKSsehp','叶嘉伦',1),(21753,'tCLIvmn4qf','周子异',1),(21754,'cmUd58J3ki','袁宇宁',1),(21755,'9zSpr8DlBf','向岚',1),(21756,'QtpbZcyqZe','段晓明',1),(21757,'wKs7IrtSYh','邹璐',1),(21758,'DXJyTKXnNq','郑安琪',1),(21759,'UtvlYrKsS0','方杰宏',1),(21760,'XA2lwIHnTl','于杰宏',1),(21761,'OouDI304C7','梁嘉伦',1),(21762,'xWYByjsZgf','戴安琪',1),(21763,'RORdRCdlAU','钱宇宁',1),(21764,'4ns1u5A85f','邹詩涵',1),(21765,'7rXPRotJMp','梁子韬',1),(21766,'64bT8rFKQF','于詩涵',1),(21767,'CgN3fjo0QA','秦杰宏',1),(21768,'888Uz0EXnQ','萧震南',1),(21769,'vRMFGClIic','姜秀英',1),(21770,'VWEyoTkEgI','韦宇宁',1),(21771,'SyibY2VaZd','黄岚',1),(21772,'kPfqVPWZfR','邱子韬',1),(21773,'vkH7PDFZxK','黄嘉伦',1),(21774,'Mmzuep8hbP','汤云熙',1),(21775,'f5hE2POYOc','向秀英',1),(21776,'Iz4qvN8spQ','蒋秀英',1),(21777,'ECLKxMRIRr','徐晓明',1),(21778,'1mcjODY9xi','梁震南',1),(21779,'suckp4JdXi','赵晓明',1),(21780,'u25cBSAE1K','薛嘉伦',1),(21781,'rkd6NK1ZSK','曹子韬',1),(21782,'4suB2HZweC','侯晓明',1),(21783,'adUwXdzd6N','郑致远',1),(21784,'3gu4EvSOBS','汪詩涵',1),(21785,'uzLCtYKjeD','杜云熙',1),(21786,'cRitbhICkT','杨璐',1),(21787,'t9RJyprprN','何子韬',1),(21788,'IL6wHaObr3','郑岚',1),(21789,'JdsMGbP7q1','曾子异',1),(21790,'67SNJ3ejj6','姜震南',1),(21791,'a97CLoCbfP','范子韬',1),(21792,'wmiyx74lPD','谢云熙',1),(21793,'donHVtjXT9','陶璐',1),(21794,'OwLhf4v2VD','钱睿',1),(21795,'HkYBIcZ3tt','谢致远',1),(21796,'wyLIDX77Sh','邵安琪',1),(21797,'D34OcFgKHo','杜安琪',1),(21798,'w5BbeX5M4G','武安琪',1),(21799,'7wKe4xOiAw','邵晓明',1),(21800,'sHOgiVYKqS','阎晓明',1),(21801,'gqqQBoK3QG','崔詩涵',1),(21802,'0CBeNJWgVT','宋震南',1),(21803,'V11G3g4oLt','卢安琪',1),(21804,'UAnY0l5waE','向睿',1),(21805,'Ren9zRpTq6','郝致远',1),(21806,'JulpHi7QEN','高杰宏',1),(21807,'9U0k3gtwX1','崔子韬',1),(21808,'S1Ij0uoSHd','严宇宁',1),(21809,'E2Ng37WBk5','王杰宏',1),(21810,'BboHPKMdQZ','钟致远',1),(21811,'1BtH3QZzZX','贾嘉伦',1),(21812,'pt04V2Z01p','汪致远',1),(21813,'mzlDp7gdbc','汪睿',1),(21814,'i68vpjaYk9','卢岚',1),(21815,'y09HdKF8jo','龙睿',1),(21816,'se6N6aAKqK','袁致远',1),(21817,'lCpqTKZAdR','毛璐',1),(21818,'N5IYiyRWGs','罗嘉伦',1),(21819,'8DyWhKwh1E','龙秀英',1),(21820,'ZzhdzKEI18','陈云熙',1),(21821,'Ppp1my68Xc','顾杰宏',1),(21822,'jtB0iGxzPU','陈震南',1),(21823,'5cvAjqngIa','夏嘉伦',1),(21824,'5zxFaJEkng','段致远',1),(21825,'9onWPJbggi','廖安琪',1),(21826,'fcO8ZyjgNl','宋宇宁',1),(21827,'5Q6sDdr4Bn','黄嘉伦',1),(21828,'rGXV7xUhfU','戴岚',1),(21829,'MVwYaO3N5n','方睿',1),(21830,'fDumwSed9D','邵子异',1),(21831,'wnrVTFgGzz','卢璐',1),(21832,'mH3CwzyWRH','董秀英',1),(21833,'NTxL3ekARx','林璐',1),(21834,'hPyh8vcRrx','段睿',1),(21835,'wI6VURVobR','任宇宁',1),(21836,'3h8Sdf4sjd','陆宇宁',1),(21837,'rK1ZLEy7Qj','任云熙',1),(21838,'pBxt2xavhX','董宇宁',1),(21839,'ueXd16GWXU','吕秀英',1),(21840,'kJuOCAihq2','陆秀英',1),(21841,'mkPS0jxuQb','向璐',1),(21842,'S1vbm73Vg5','袁子韬',1),(21843,'KxqW3Hqwds','钱睿',1),(21844,'6OdT2FZXvU','江晓明',1),(21845,'Jqke8PPUfr','田致远',1),(21846,'vIJjCQjSIC','谢璐',1),(21847,'2i4RkoJinC','魏詩涵',1),(21848,'79m0My3AjZ','曹睿',1),(21849,'UHylGcAXSE','戴岚',1),(21850,'tMrleHYSJh','石詩涵',1),(21851,'dCSWTYKz5w','夏子韬',1),(21852,'WkKzmkVOVp','于岚',1),(21853,'Jcl5OMJnFc','严震南',1),(21854,'pSvGxlGj0R','潘詩涵',1),(21855,'n9wYzMto2F','金嘉伦',1),(21856,'SGx4jqbFKo','丁嘉伦',1),(21857,'gQNXyachu7','萧嘉伦',1),(21858,'WUJjAi635p','潘晓明',1),(21859,'vPqHx4p2IC','龚詩涵',1),(21860,'Kb5dMqwukz','何晓明',1),(21861,'fSjdukcUPu','贺子异',1),(21862,'jZyCTCikx7','杨子韬',1),(21863,'4X1DPdW64j','阎詩涵',1),(21864,'LxmqYg1cYK','阎嘉伦',1),(21865,'o3bxtUyXEu','蒋子韬',1),(21866,'ntwlyJcgy1','冯安琪',1),(21867,'5CBhAWms47','陆璐',1),(21868,'nGzZwUH0bv','董杰宏',1),(21869,'GxNirA9515','曾安琪',1),(21870,'urIluUOjZW','武致远',1),(21871,'TW1GV4lMB2','龙秀英',1),(21872,'OZNSiCzb5s','胡睿',1),(21873,'WY9qRFvhYB','杨嘉伦',1),(21874,'Gs0CbLgraU','刘云熙',1),(21875,'0okudxQzqD','谭子异',1),(21876,'HS9URMDIPq','龙杰宏',1),(21877,'AL6auUoA0b','董宇宁',1),(30000,'e579d0ef98','张三',0),(30001,'e579d0efkk','李四',0),(30002,'0123456789','胡星',1),(30003,'0123456789','小明',1),(30004,'0123456789','小红',1),(30005,'0123456789','danking',1),(30006,'0123456789','胡星',1);
/*!40000 ALTER TABLE `user` ENABLE KEYS */;
UNLOCK TABLES;
/*!40103 SET TIME_ZONE=@OLD_TIME_ZONE */;

/*!40101 SET SQL_MODE=@OLD_SQL_MODE */;
/*!40014 SET FOREIGN_KEY_CHECKS=@OLD_FOREIGN_KEY_CHECKS */;
/*!40014 SET UNIQUE_CHECKS=@OLD_UNIQUE_CHECKS */;
/*!40101 SET CHARACTER_SET_CLIENT=@OLD_CHARACTER_SET_CLIENT */;
/*!40101 SET CHARACTER_SET_RESULTS=@OLD_CHARACTER_SET_RESULTS */;
/*!40101 SET COLLATION_CONNECTION=@OLD_COLLATION_CONNECTION */;
/*!40111 SET SQL_NOTES=@OLD_SQL_NOTES */;

-- Dump completed on 2024-04-25 18:32:27
