/*
 Navicat MySQL Data Transfer

 Source Server         : localhost_3306
 Source Server Type    : MySQL
 Source Server Version : 80036
 Source Host           : localhost:3306
 Source Schema         : usercenter2

 Target Server Type    : MySQL
 Target Server Version : 80036
 File Encoding         : 65001

 Date: 29/04/2024 14:35:41
*/

SET NAMES utf8mb4;
SET FOREIGN_KEY_CHECKS = 0;

-- ----------------------------
-- Table structure for course
-- ----------------------------
DROP TABLE IF EXISTS `course`;
CREATE TABLE `course`  (
  `course_id` int NOT NULL AUTO_INCREMENT,
  `course_name` varchar(255) CHARACTER SET utf8mb3 COLLATE utf8mb3_general_ci NOT NULL,
  PRIMARY KEY (`course_id`) USING BTREE
) ENGINE = InnoDB AUTO_INCREMENT = 1027 CHARACTER SET = utf8mb3 COLLATE = utf8mb3_general_ci ROW_FORMAT = DYNAMIC;

-- ----------------------------
-- Records of course
-- ----------------------------
INSERT INTO `course` VALUES (1000, '数据结构');
INSERT INTO `course` VALUES (1001, '计算机组成原理');
INSERT INTO `course` VALUES (1002, '操作系统');
INSERT INTO `course` VALUES (1003, '数字逻辑');
INSERT INTO `course` VALUES (1004, '世界艺术史');
INSERT INTO `course` VALUES (1005, '离散数学');
INSERT INTO `course` VALUES (1006, '微积分');
INSERT INTO `course` VALUES (1007, '大学物理');
INSERT INTO `course` VALUES (1008, '计算机网络');
INSERT INTO `course` VALUES (1009, '诗词');
INSERT INTO `course` VALUES (1010, '莎士比亚戏剧');
INSERT INTO `course` VALUES (1011, '素描');
INSERT INTO `course` VALUES (1012, '生命学导论');
INSERT INTO `course` VALUES (1013, '足球');
INSERT INTO `course` VALUES (1014, '自行车');
INSERT INTO `course` VALUES (1015, '排球');
INSERT INTO `course` VALUES (1016, '篮球');
INSERT INTO `course` VALUES (1017, '瑜伽');
INSERT INTO `course` VALUES (1018, '软件工程');
INSERT INTO `course` VALUES (1019, '线性代数');
INSERT INTO `course` VALUES (1026, '马原');

-- ----------------------------
-- Table structure for course_schedule
-- ----------------------------
DROP TABLE IF EXISTS `course_schedule`;
CREATE TABLE `course_schedule`  (
  `semester` int NOT NULL COMMENT '01-春，02-夏，03-秋，04-冬',
  `course_id` int NOT NULL,
  `teacher_id` int NOT NULL,
  `time` varchar(255) CHARACTER SET utf8mb3 COLLATE utf8mb3_general_ci NOT NULL,
  `capacity` int NOT NULL,
  PRIMARY KEY (`semester`, `course_id`, `teacher_id`, `time`) USING BTREE
) ENGINE = InnoDB CHARACTER SET = utf8mb3 COLLATE = utf8mb3_general_ci ROW_FORMAT = DYNAMIC;

-- ----------------------------
-- Records of course_schedule
-- ----------------------------
INSERT INTO `course_schedule` VALUES (202303, 1000, 10000, '一3-4', 29);
INSERT INTO `course_schedule` VALUES (202303, 1000, 10001, '一3-4', 30);
INSERT INTO `course_schedule` VALUES (202303, 1000, 10002, '二5-6', 30);
INSERT INTO `course_schedule` VALUES (202303, 1000, 10010, '三7-8', 30);
INSERT INTO `course_schedule` VALUES (202303, 1005, 10021, '四5-6', 30);
INSERT INTO `course_schedule` VALUES (202303, 1026, 10038, '五7-8', 30);
INSERT INTO `course_schedule` VALUES (202304, 1000, 10000, '一3-4', 30);
INSERT INTO `course_schedule` VALUES (202304, 1005, 10022, '四5-6', 24);
INSERT INTO `course_schedule` VALUES (202304, 1005, 10023, '四5-6', 30);
INSERT INTO `course_schedule` VALUES (202304, 1016, 10030, '二1-2', 28);
INSERT INTO `course_schedule` VALUES (202401, 1000, 10000, '一3-4', 30);
INSERT INTO `course_schedule` VALUES (202401, 1000, 10001, '一3-4', 30);
INSERT INTO `course_schedule` VALUES (202401, 1002, 10070, '五7-8', 30);
INSERT INTO `course_schedule` VALUES (202401, 1003, 10085, '三7-8', 30);
INSERT INTO `course_schedule` VALUES (202401, 1005, 10084, '三7-8', 30);
INSERT INTO `course_schedule` VALUES (202401, 1007, 10069, '四5-6', 30);
INSERT INTO `course_schedule` VALUES (202401, 1008, 10010, '二3-4', 30);
INSERT INTO `course_schedule` VALUES (202401, 1008, 10094, '四5-6', 30);
INSERT INTO `course_schedule` VALUES (202401, 1009, 10081, '三7-8', 30);
INSERT INTO `course_schedule` VALUES (202401, 1011, 10013, '一3-4', 30);
INSERT INTO `course_schedule` VALUES (202401, 1012, 10020, '一5-6', 30);
INSERT INTO `course_schedule` VALUES (202401, 1012, 10033, '一5-6', 30);
INSERT INTO `course_schedule` VALUES (202401, 1013, 10031, '五7-8', 30);
INSERT INTO `course_schedule` VALUES (202401, 1013, 10032, '五7-8', 30);
INSERT INTO `course_schedule` VALUES (202401, 1014, 10093, '二3-4', 30);
INSERT INTO `course_schedule` VALUES (202401, 1017, 10058, '四5-6', 30);
INSERT INTO `course_schedule` VALUES (202401, 1018, 10038, '五7-8', 30);

-- ----------------------------
-- Table structure for course_selection
-- ----------------------------
DROP TABLE IF EXISTS `course_selection`;
CREATE TABLE `course_selection`  (
  `semester` int NOT NULL COMMENT '01-春，02-夏，03-秋，04-冬',
  `course_id` int NOT NULL,
  `teacher_id` int NOT NULL,
  `student_id` int NOT NULL,
  PRIMARY KEY (`semester`, `course_id`, `teacher_id`, `student_id`) USING BTREE
) ENGINE = InnoDB CHARACTER SET = utf8mb3 COLLATE = utf8mb3_general_ci ROW_FORMAT = DYNAMIC;

-- ----------------------------
-- Records of course_selection
-- ----------------------------
INSERT INTO `course_selection` VALUES (202303, 1000, 10000, 21036);
INSERT INTO `course_selection` VALUES (202303, 1000, 10000, 21058);
INSERT INTO `course_selection` VALUES (202303, 1000, 10000, 21072);
INSERT INTO `course_selection` VALUES (202303, 1000, 10000, 21079);
INSERT INTO `course_selection` VALUES (202303, 1000, 10000, 21109);
INSERT INTO `course_selection` VALUES (202303, 1000, 10000, 21186);
INSERT INTO `course_selection` VALUES (202303, 1000, 10000, 21208);
INSERT INTO `course_selection` VALUES (202303, 1000, 10000, 21218);
INSERT INTO `course_selection` VALUES (202303, 1000, 10000, 21251);
INSERT INTO `course_selection` VALUES (202303, 1000, 10000, 21282);
INSERT INTO `course_selection` VALUES (202303, 1000, 10000, 21335);
INSERT INTO `course_selection` VALUES (202303, 1000, 10000, 21338);
INSERT INTO `course_selection` VALUES (202303, 1000, 10000, 21374);
INSERT INTO `course_selection` VALUES (202303, 1000, 10000, 21407);
INSERT INTO `course_selection` VALUES (202303, 1000, 10000, 21430);
INSERT INTO `course_selection` VALUES (202303, 1000, 10000, 21449);
INSERT INTO `course_selection` VALUES (202303, 1000, 10000, 21505);
INSERT INTO `course_selection` VALUES (202303, 1000, 10000, 21530);
INSERT INTO `course_selection` VALUES (202303, 1000, 10000, 21578);
INSERT INTO `course_selection` VALUES (202303, 1000, 10000, 21583);
INSERT INTO `course_selection` VALUES (202303, 1000, 10000, 21595);
INSERT INTO `course_selection` VALUES (202303, 1000, 10000, 21608);
INSERT INTO `course_selection` VALUES (202303, 1000, 10000, 21750);
INSERT INTO `course_selection` VALUES (202303, 1000, 10000, 21786);
INSERT INTO `course_selection` VALUES (202303, 1000, 10000, 21846);
INSERT INTO `course_selection` VALUES (202303, 1000, 10000, 21849);
INSERT INTO `course_selection` VALUES (202303, 1000, 10000, 21870);
INSERT INTO `course_selection` VALUES (202303, 1000, 10000, 21872);
INSERT INTO `course_selection` VALUES (202303, 1000, 10000, 21873);
INSERT INTO `course_selection` VALUES (202303, 1026, 10038, 21036);
INSERT INTO `course_selection` VALUES (202304, 1016, 10030, 21036);
INSERT INTO `course_selection` VALUES (202304, 1016, 10030, 21058);
INSERT INTO `course_selection` VALUES (202304, 1016, 10030, 21072);
INSERT INTO `course_selection` VALUES (202304, 1016, 10030, 21079);
INSERT INTO `course_selection` VALUES (202304, 1016, 10030, 21109);
INSERT INTO `course_selection` VALUES (202304, 1016, 10030, 21179);
INSERT INTO `course_selection` VALUES (202401, 1017, 10058, 21036);

-- ----------------------------
-- Table structure for score
-- ----------------------------
DROP TABLE IF EXISTS `score`;
CREATE TABLE `score`  (
  `semester` int NOT NULL COMMENT '01-春，02-夏，03-秋，04-冬',
  `course_id` int NOT NULL,
  `student_id` int NOT NULL,
  `score` int NULL DEFAULT NULL,
  PRIMARY KEY (`semester`, `course_id`, `student_id`) USING BTREE
) ENGINE = InnoDB CHARACTER SET = utf8mb3 COLLATE = utf8mb3_general_ci ROW_FORMAT = DYNAMIC;

-- ----------------------------
-- Records of score
-- ----------------------------
INSERT INTO `score` VALUES (202303, 1000, 21036, 95);
INSERT INTO `score` VALUES (202303, 1000, 21058, 59);
INSERT INTO `score` VALUES (202303, 1000, 21072, 59);
INSERT INTO `score` VALUES (202303, 1000, 21079, 76);
INSERT INTO `score` VALUES (202303, 1000, 21109, 92);
INSERT INTO `score` VALUES (202303, 1000, 21179, 65);
INSERT INTO `score` VALUES (202303, 1000, 21186, 73);
INSERT INTO `score` VALUES (202303, 1000, 21208, 82);
INSERT INTO `score` VALUES (202303, 1000, 21218, 61);
INSERT INTO `score` VALUES (202303, 1000, 21251, 66);
INSERT INTO `score` VALUES (202303, 1000, 21282, 85);
INSERT INTO `score` VALUES (202303, 1000, 21335, 78);
INSERT INTO `score` VALUES (202303, 1000, 21338, 80);
INSERT INTO `score` VALUES (202303, 1000, 21374, 84);
INSERT INTO `score` VALUES (202303, 1000, 21407, 61);
INSERT INTO `score` VALUES (202303, 1000, 21430, 66);
INSERT INTO `score` VALUES (202303, 1000, 21449, 82);
INSERT INTO `score` VALUES (202303, 1000, 21505, 50);
INSERT INTO `score` VALUES (202303, 1000, 21530, 88);
INSERT INTO `score` VALUES (202303, 1000, 21578, 54);
INSERT INTO `score` VALUES (202303, 1000, 21583, 72);
INSERT INTO `score` VALUES (202303, 1000, 21595, 55);
INSERT INTO `score` VALUES (202303, 1000, 21608, 67);
INSERT INTO `score` VALUES (202303, 1000, 21750, 50);
INSERT INTO `score` VALUES (202303, 1000, 21786, 83);
INSERT INTO `score` VALUES (202303, 1000, 21846, 99);
INSERT INTO `score` VALUES (202303, 1000, 21849, 91);
INSERT INTO `score` VALUES (202303, 1000, 21870, 76);
INSERT INTO `score` VALUES (202303, 1000, 21872, 65);
INSERT INTO `score` VALUES (202303, 1000, 21873, 86);
INSERT INTO `score` VALUES (202303, 1026, 21036, 91);

-- ----------------------------
-- Table structure for user
-- ----------------------------
DROP TABLE IF EXISTS `user`;
CREATE TABLE `user`  (
  `id` int NOT NULL AUTO_INCREMENT,
  `password` varchar(255) CHARACTER SET utf8mb3 COLLATE utf8mb3_general_ci NOT NULL,
  `name` varchar(255) CHARACTER SET utf8mb3 COLLATE utf8mb3_general_ci NOT NULL,
  `role` int NOT NULL COMMENT '0-管理员，1-学生，2-老师',
  PRIMARY KEY (`id`) USING BTREE
) ENGINE = InnoDB AUTO_INCREMENT = 30007 CHARACTER SET = utf8mb3 COLLATE = utf8mb3_general_ci ROW_FORMAT = DYNAMIC;

-- ----------------------------
-- Records of user
-- ----------------------------
INSERT INTO `user` VALUES (10000, '03989a03ecdeebfdbc00eb7a10134226', '侯璐', 2);
INSERT INTO `user` VALUES (10001, '86129408fe85e78d4f07e742b92df064', '毛子异', 2);
INSERT INTO `user` VALUES (10002, 'd32ca40ea090863dfaba3c97b5b4f6e3', '阎秀英', 2);
INSERT INTO `user` VALUES (10003, '0c77923d51eebfd89ac3630d85278540', '梁子异', 2);
INSERT INTO `user` VALUES (10004, '040fc8f8aa46736e086b42eb01352496', '韩詩涵', 2);
INSERT INTO `user` VALUES (10005, 'a1a304fc3c55c122a64a0f9e607802ae', '熊睿', 2);
INSERT INTO `user` VALUES (10006, '47b2fc588c8dff6a467c171a75f4cdd3', '苏安琪', 2);
INSERT INTO `user` VALUES (10007, '45be911d672efbfbee9eabcedf1df15c', '陈詩涵', 2);
INSERT INTO `user` VALUES (10008, '089c874caca6153af70074c79f2d8f0a', '吴璐', 2);
INSERT INTO `user` VALUES (10009, 'f059bfb451fc7725a1f2817bec8a12da', '杨詩涵', 2);
INSERT INTO `user` VALUES (10010, 'eb43008ee9fc5ba9cd3ec3df280763cd', '林子韬', 2);
INSERT INTO `user` VALUES (10011, 'db5faded4612e91b37dd58f92ad9caf1', '谢秀英', 2);
INSERT INTO `user` VALUES (10012, 'b6df8c3fffe098caf6ac35ad135ffb69', '蔡璐', 2);
INSERT INTO `user` VALUES (10013, '76850e455adc6536aca5e1214da44681', '蒋秀英', 2);
INSERT INTO `user` VALUES (10014, '02d8cdde96254de26cfc4c1b93cddee9', '钟子韬', 2);
INSERT INTO `user` VALUES (10015, 'a3911153b5e4a1acc4ce3b4c9b7a8228', '孟岚', 2);
INSERT INTO `user` VALUES (10016, '9852e9f0af5faef875bac5894c25e7a7', '杨致远', 2);
INSERT INTO `user` VALUES (10017, '0d46a8786b8e823b3b0f416349d9f9bc', '于子韬', 2);
INSERT INTO `user` VALUES (10018, 'cfcc31876235e650413b370f96150aee', '潘璐', 2);
INSERT INTO `user` VALUES (10019, '60ff452f085810e8dfa4738dad33532e', '于璐', 2);
INSERT INTO `user` VALUES (10020, '897fc84f5bb6c63b4d00b33762a62368', '戴嘉伦', 2);
INSERT INTO `user` VALUES (10021, '7a3be8bf7b29229872f79675fb9f03d2', '薛子异', 2);
INSERT INTO `user` VALUES (10022, '4b8a7efc053074433d2f41e9a3ce7164', '王詩涵', 2);
INSERT INTO `user` VALUES (10023, '22aeae3741e52eccbab43758513ec981', '姜晓明', 2);
INSERT INTO `user` VALUES (10024, '1b23e6473ad19141355f91e35f879915', '孟子韬', 2);
INSERT INTO `user` VALUES (10025, '8fa8537a908b541adaebf59ab4cba7f0', '尹云熙', 2);
INSERT INTO `user` VALUES (10026, '04fda209929bfa6d0f374ccb9c367ac0', '胡致远', 2);
INSERT INTO `user` VALUES (10027, 'dab8d446788879c32767d67a904670a4', '程嘉伦', 2);
INSERT INTO `user` VALUES (10028, '7863ac2c0c49e7133b9be6a821df018c', '钱嘉伦', 2);
INSERT INTO `user` VALUES (10029, '231a64798a940ff45bd3c4804ece83f5', '韩秀英', 2);
INSERT INTO `user` VALUES (10030, 'eef0b1269a64a8ffefc4a39b787369ab', '王睿', 2);
INSERT INTO `user` VALUES (10031, '362070aad2e5b29079f8901dfd2271de', '邵宇宁', 2);
INSERT INTO `user` VALUES (10032, '188d17c56ca21e06ed0872ab3014e76f', '郝子韬', 2);
INSERT INTO `user` VALUES (10033, '1c49b489f285598853d0ec2aaea19a48', '秦致远', 2);
INSERT INTO `user` VALUES (10034, 'bdb569ebcaf52385a1f7bc41d4ac6f0b', '卢璐', 2);
INSERT INTO `user` VALUES (10035, '7d0a60716e3058fb1f031f426e280363', '彭震南', 2);
INSERT INTO `user` VALUES (10036, '73bbd94c2ce969a1387179ed826ef692', '马杰宏', 2);
INSERT INTO `user` VALUES (10037, 'ed53c71cfc5468746d576e91b521f254', '方晓明', 2);
INSERT INTO `user` VALUES (10038, '12334e0e8bb869ac2e82256f0f7b3081', '吴秀英', 2);
INSERT INTO `user` VALUES (10039, 'ac5e0f0f13be153a882f07fac950e0f9', '王岚', 2);
INSERT INTO `user` VALUES (10040, '619996aa8adaac06824566791aabfe18', '崔岚', 2);
INSERT INTO `user` VALUES (10041, '50a8d06d69857eae7388a979fc2ad617', '夏子韬', 2);
INSERT INTO `user` VALUES (10042, '084dd878cc39edbb8ac2321df0755acc', '郑嘉伦', 2);
INSERT INTO `user` VALUES (10043, '530d5a12adbfdfe9984ec116d6ba0dbf', '胡璐', 2);
INSERT INTO `user` VALUES (10044, '11be59d899954291dd2763cf699ac8aa', '阎子韬', 2);
INSERT INTO `user` VALUES (10045, '06c49bdfa9a126f1346a5036f4cffa82', '于詩涵', 2);
INSERT INTO `user` VALUES (10046, '4b5a64f697d76579bff10eeadaebcb9e', '萧詩涵', 2);
INSERT INTO `user` VALUES (10047, '26992de832fa5cdfddb67601884ff9e8', '廖宇宁', 2);
INSERT INTO `user` VALUES (10048, 'd7918fbe930b3fc1c074adf64bac440a', '贺致远', 2);
INSERT INTO `user` VALUES (10049, '7ea6d55b4e11b05766c73b0feec344b4', '萧秀英', 2);
INSERT INTO `user` VALUES (10050, 'ead9f7fcd41d0fa3a399db4e65f6b1f7', '孟晓明', 2);
INSERT INTO `user` VALUES (10051, 'f34e1761faf4e1e74913457d497f03cb', '武嘉伦', 2);
INSERT INTO `user` VALUES (10052, '2e28c3ac526f03851292e9e714d6b654', '田晓明', 2);
INSERT INTO `user` VALUES (10053, 'f5d8352d32f822e54e72f2794f9e39c0', '陈璐', 2);
INSERT INTO `user` VALUES (10054, 'ffab04a34f4d071f6aecdd5c95a76b9f', '黄岚', 2);
INSERT INTO `user` VALUES (10055, 'b05948cd9c88e48174780e2c91dfddc2', '唐睿', 2);
INSERT INTO `user` VALUES (10056, '682b7488c68f9d62462279b06a2ff956', '余睿', 2);
INSERT INTO `user` VALUES (10057, '58e2db6273cc779d8525ec75fdec1c1c', '孔宇宁', 2);
INSERT INTO `user` VALUES (10058, 'a5c98795cdba1116fcf0add217242c84', '钱詩涵', 2);
INSERT INTO `user` VALUES (10059, '0e3336efdf0793e84698da0d1b47ff87', '莫云熙', 2);
INSERT INTO `user` VALUES (10060, '45662b948e67633394a4aef67fb0d933', '任睿', 2);
INSERT INTO `user` VALUES (10061, 'f3708a020617893f404b80f62b62f88c', '姜宇宁', 2);
INSERT INTO `user` VALUES (10062, '376ac0da4958639b939502e5b83b05a5', '韦睿', 2);
INSERT INTO `user` VALUES (10063, 'b82f25111da3417580823253c018df6e', '宋杰宏', 2);
INSERT INTO `user` VALUES (10064, '68aba075418066c08018694ce1ea1004', '熊云熙', 2);
INSERT INTO `user` VALUES (10065, '207618b079026997abb1b6bdace907b8', '曾璐', 2);
INSERT INTO `user` VALUES (10066, '8e09e521da1fea1dc6ef9b54f9047276', '邹子异', 2);
INSERT INTO `user` VALUES (10067, 'b9c6d52662bb5982c8779f2aadcaabce', '叶安琪', 2);
INSERT INTO `user` VALUES (10068, 'b8a3735d5866d1a746b5ff588555263c', '廖璐', 2);
INSERT INTO `user` VALUES (10069, 'f873c8c1751ae849db734fabac9c9fbc', '任晓明', 2);
INSERT INTO `user` VALUES (10070, '588ecbed0de58d2445d44b6495fc56b9', '吕子异', 2);
INSERT INTO `user` VALUES (10071, '9ea28b00912503e217f952d0800c95b6', '蒋杰宏', 2);
INSERT INTO `user` VALUES (10072, 'e96f9a0b7f04731f7c1bb66c9f879271', '韩詩涵', 2);
INSERT INTO `user` VALUES (10073, '1c33ccef4832f7b98a88e81276aa5487', '吕璐', 2);
INSERT INTO `user` VALUES (10074, 'd3f333c6f87b89b9fbe47b64ecd109f2', '贾子韬', 2);
INSERT INTO `user` VALUES (10075, '40c89e553b91fb9f1f9b51625aff4e33', '宋宇宁', 2);
INSERT INTO `user` VALUES (10076, 'd21fb2f2f63135465b66d8d7f2a96f00', '向詩涵', 2);
INSERT INTO `user` VALUES (10077, 'eaebde4024c62c27622ddc9b417fe2c7', '汪安琪', 2);
INSERT INTO `user` VALUES (10078, 'fb66a23a3ae9d60640948dc2c6e53754', '雷杰宏', 2);
INSERT INTO `user` VALUES (10079, 'ab6ddab7c8785e5ede8d93a578c3a7f6', '江嘉伦', 2);
INSERT INTO `user` VALUES (10080, '87d446d3d45292a896381bd5a5c26976', '贺晓明', 2);
INSERT INTO `user` VALUES (10081, '9535873cab10f2e4701fd88233205937', '孔致远', 2);
INSERT INTO `user` VALUES (10082, 'b466a777bf61aa6ca7a72e53c7456f4d', '林嘉伦', 2);
INSERT INTO `user` VALUES (10083, 'a0f43cb1987005a0cf194809e8fbc1ab', '汪宇宁', 2);
INSERT INTO `user` VALUES (10084, '6815c9a3321ec1fd4d028685109a5f36', '于子韬', 2);
INSERT INTO `user` VALUES (10085, '4f09515a82d15244203c607287b7538b', '龚璐', 2);
INSERT INTO `user` VALUES (10086, '3986874b369863a88de3f82728004977', '姚杰宏', 2);
INSERT INTO `user` VALUES (10087, 'f89ff86cad37d233393a9dcbc36afe67', '梁詩涵', 2);
INSERT INTO `user` VALUES (10088, '24c3ddb88b2dbdae297ea3a99610dd59', '董致远', 2);
INSERT INTO `user` VALUES (10089, 'd12c981d887eaae6c431a5a3150cd88e', '蔡安琪', 2);
INSERT INTO `user` VALUES (10090, '0b1731f91bf828c0b2edff0120a73f5b', '傅嘉伦', 2);
INSERT INTO `user` VALUES (10091, '0a23b8d44c10c73e3b337fb1b40fb923', '陈安琪', 2);
INSERT INTO `user` VALUES (10092, '1d4ce61b83c691d55b28707cddc4459b', '汪嘉伦', 2);
INSERT INTO `user` VALUES (10093, '0858d01a362956c9d98470afe6bd9391', '曾杰宏', 2);
INSERT INTO `user` VALUES (10094, '753620cabc023ac20e17c87016bd0784', '常子异', 2);
INSERT INTO `user` VALUES (10095, 'bdf11969cbe5e3501fd55e26dd1680b7', '李致远', 2);
INSERT INTO `user` VALUES (10096, '0daf2f1154af0aa0a49cdf7069269158', '孙詩涵', 2);
INSERT INTO `user` VALUES (10097, '90788427145eedb3936b7a41d40bea0d', '汪云熙', 2);
INSERT INTO `user` VALUES (10098, '7bcbac1894e1b284c22fbd7438c6b9bd', '罗子韬', 2);
INSERT INTO `user` VALUES (10099, 'de10f3dc22307ad13f6f512e9773884b', '卢安琪', 2);
INSERT INTO `user` VALUES (21000, 'e01090175757bd2d114725d298c26c44', '雷杰宏', 1);
INSERT INTO `user` VALUES (21001, '5f57f5841583fcb5de1896e66f5a92d6', '段云熙', 1);
INSERT INTO `user` VALUES (21002, '8ea4f7095361bb60951728d059b6e29f', '刘震南', 1);
INSERT INTO `user` VALUES (21003, '8c75598e3d0d7832244a1c1dda98130b', '孙岚', 1);
INSERT INTO `user` VALUES (21004, '07ee53f1dc03c6f896e862f0eb2f2c79', '马安琪', 1);
INSERT INTO `user` VALUES (21005, '04f47511189404cd57aaad06e71541a6', '董子韬', 1);
INSERT INTO `user` VALUES (21006, '7a3251bdf5107f8c1d64dd99f25e292c', '金子异', 1);
INSERT INTO `user` VALUES (21007, '6ca2e2c5ba4585013c4e58b469f01a2c', '邹子韬', 1);
INSERT INTO `user` VALUES (21008, 'c3244281ec83c4272e4b7004e74f4da5', '宋宇宁', 1);
INSERT INTO `user` VALUES (21009, '2047ce334282110136fa676f70f2e9d3', '江杰宏', 1);
INSERT INTO `user` VALUES (21010, '3d43fa219509e9496117eb489bad7e10', '高子异', 1);
INSERT INTO `user` VALUES (21011, 'f99c96762b75039bcaaf8aaf845552d2', '范震南', 1);
INSERT INTO `user` VALUES (21012, '5a7f976b164b1c778ac147699b55e2a9', '于震南', 1);
INSERT INTO `user` VALUES (21013, '0f01007f6e5dec39420623463559814a', '许安琪', 1);
INSERT INTO `user` VALUES (21014, 'a5102703902d365494af8e808f77491f', '吕晓明', 1);
INSERT INTO `user` VALUES (21015, '6e89f920b44b018de332c0d5f0719131', '史致远', 1);
INSERT INTO `user` VALUES (21016, '5af9979e8f0ebd829914a1b5da1472f2', '孙宇宁', 1);
INSERT INTO `user` VALUES (21017, 'cfa29713bf0cf42f9e606b98c77be096', '郭震南', 1);
INSERT INTO `user` VALUES (21018, 'be71b4ecd3dd32f61f3c851dd7da7951', '谢震南', 1);
INSERT INTO `user` VALUES (21019, '8697d1b85970575b7140681879c61d12', '顾云熙', 1);
INSERT INTO `user` VALUES (21020, 'cdb1d73c79e161884b71a6eb0d338d98', '梁晓明', 1);
INSERT INTO `user` VALUES (21021, '06975d3c3091615adcfea062e4899030', '叶詩涵', 1);
INSERT INTO `user` VALUES (21022, '947d75d19828779e3ec6b0574bf5815d', '陆睿', 1);
INSERT INTO `user` VALUES (21023, '9e68a76014d98f90d1f8d8824f5bd749', '陶子韬', 1);
INSERT INTO `user` VALUES (21024, '4a79d4b8710bce4c8110e3cb94c1bbea', '熊睿', 1);
INSERT INTO `user` VALUES (21025, 'a9a43582509335504ed2b5e99f28d661', '贺嘉伦', 1);
INSERT INTO `user` VALUES (21026, '3a5f608bfb9c744e61c6488ff821633b', '莫安琪', 1);
INSERT INTO `user` VALUES (21027, '6f15b716ccf362dbd16a79d4e3ea5ff9', '段璐', 1);
INSERT INTO `user` VALUES (21028, 'aadfd15cc3cf0a30afe10aa3e8c8134d', '石安琪', 1);
INSERT INTO `user` VALUES (21029, '9e647a0f2ce082c0ee50eb632cb2c1aa', '范宇宁', 1);
INSERT INTO `user` VALUES (21030, '9c34038ae46b5d3ebf37d7010106536f', '程云熙', 1);
INSERT INTO `user` VALUES (21031, 'e505cb5ae24f8c2e7a0eb22695fac6e5', '姜嘉伦', 1);
INSERT INTO `user` VALUES (21032, 'e0b85e962916ed63b03170fedc1d6dfd', '郑宇宁', 1);
INSERT INTO `user` VALUES (21033, 'c793f973b268774c8c3351ddfdb3f5ae', '余嘉伦', 1);
INSERT INTO `user` VALUES (21034, 'a1d9481cadfc0d7d2dec8a22bceca3c3', '沈安琪', 1);
INSERT INTO `user` VALUES (21035, '88598f385c9b296cb18db410db57dd56', '彭安琪', 1);
INSERT INTO `user` VALUES (21036, '3a64cb887029f7cd66d341b0d804543e', '于秀英', 1);
INSERT INTO `user` VALUES (21037, '7d3df2daab7d903aeda039737da6748a', '冯震南', 1);
INSERT INTO `user` VALUES (21038, '97437b540c68b0b15448fc9e3c33de49', '毛秀英', 1);
INSERT INTO `user` VALUES (21039, '0374017ca6ca5045d22719432629902c', '姜詩涵', 1);
INSERT INTO `user` VALUES (21040, 'e43ba69aa04b98ce48127370e1c5566b', '王嘉伦', 1);
INSERT INTO `user` VALUES (21041, '07450280bf5426ab8556b94fae273509', '吴詩涵', 1);
INSERT INTO `user` VALUES (21042, '7e2576c2fc1ec5abc40d0f1ae963f4b7', '李子韬', 1);
INSERT INTO `user` VALUES (21043, '2e4e7a559340367385b786ccd503e347', '于致远', 1);
INSERT INTO `user` VALUES (21044, '1b05b7814af8496c4397f44521dd36dd', '罗杰宏', 1);
INSERT INTO `user` VALUES (21045, '255f062d70d4ca0a02a4f1e71e34a1de', '袁安琪', 1);
INSERT INTO `user` VALUES (21046, '6eb3384d3662298c43c221f69e886142', '周杰宏', 1);
INSERT INTO `user` VALUES (21047, '5714831765937334be76921ce984f7fd', '贺震南', 1);
INSERT INTO `user` VALUES (21048, 'e9b50aded0df495d25b0c86d77b7f6e6', '尹晓明', 1);
INSERT INTO `user` VALUES (21049, 'ffc3bbaaff588a1781a7aa9f3b0c72c4', '曾云熙', 1);
INSERT INTO `user` VALUES (21050, '10c545a6dd159db65f30a3440f1057fe', '崔安琪', 1);
INSERT INTO `user` VALUES (21051, '132095f5737dab763c50e63add4bbdec', '黎璐', 1);
INSERT INTO `user` VALUES (21052, '9b91df4dab97bdc5b4669d76fca8dcc0', '薛子异', 1);
INSERT INTO `user` VALUES (21053, '9e6a9a2e50e47c74bebc132a113465b6', '萧云熙', 1);
INSERT INTO `user` VALUES (21054, '9c8f6aaef81fe9230aec811e06499718', '顾致远', 1);
INSERT INTO `user` VALUES (21055, '5139928ef31fae6d51d312a3a92e3d6d', '苏子异', 1);
INSERT INTO `user` VALUES (21056, '4f2181e1bbfb134cf98b984fa1227615', '常嘉伦', 1);
INSERT INTO `user` VALUES (21057, 'ac05ce65b8b74f30783e018179b1cb02', '冯致远', 1);
INSERT INTO `user` VALUES (21058, '2168b73e713f8f045a86df03dc33d18d', '贾云熙', 1);
INSERT INTO `user` VALUES (21059, '0e3a0b57fc2e3d9b2720cffeac485b79', '郭晓明', 1);
INSERT INTO `user` VALUES (21060, '43c64f19b28f23717e41be6176de5640', '范致远', 1);
INSERT INTO `user` VALUES (21061, '44bcc41d03b1a92d71b2e123d052d4dd', '罗子异', 1);
INSERT INTO `user` VALUES (21062, 'b2ab711ad4f8664e9a78f03bd52005ef', '曾岚', 1);
INSERT INTO `user` VALUES (21063, '849e11f8814386607c4f4e13d2ea5684', '袁子异', 1);
INSERT INTO `user` VALUES (21064, '491604f393201ddc791dae18f399b578', '彭詩涵', 1);
INSERT INTO `user` VALUES (21065, '47e7d5f8e56a7f28d2c312b750fb8a86', '刘睿', 1);
INSERT INTO `user` VALUES (21066, 'c436bc67f47256c295ecca8a976ff217', '梁安琪', 1);
INSERT INTO `user` VALUES (21067, 'ed4f80a1579d3cf89a1280c11600e649', '常震南', 1);
INSERT INTO `user` VALUES (21068, '9c2a9601fc30bfcc162943833bf1108e', '金子异', 1);
INSERT INTO `user` VALUES (21069, '2834fe33cf5fc5b442ab4ab2ebb237ad', '熊秀英', 1);
INSERT INTO `user` VALUES (21070, '82e486cd6e5ff4eebc3fc9f05385118c', '于云熙', 1);
INSERT INTO `user` VALUES (21071, 'e69c2dd663d5d06e3306e112a4a41b15', '郑震南', 1);
INSERT INTO `user` VALUES (21072, '9c51e4a75d8786c4177b51e86a652320', '苏秀英', 1);
INSERT INTO `user` VALUES (21073, '4d1a24d1258f3fbf84725cd5b3e131f1', '金晓明', 1);
INSERT INTO `user` VALUES (21074, 'a8f183e478522f967497dea2f081e559', '吴宇宁', 1);
INSERT INTO `user` VALUES (21075, '2b8e7c1219cea63db21969f21e5fde8f', '毛云熙', 1);
INSERT INTO `user` VALUES (21076, 'e2471c5df5d7328e69c2ce07734582e8', '金晓明', 1);
INSERT INTO `user` VALUES (21077, '34bc1da01197009a5a60069f0e558266', '梁震南', 1);
INSERT INTO `user` VALUES (21078, '3aa59b84daabc1d343d522b43cf2cbbb', '钱璐', 1);
INSERT INTO `user` VALUES (21079, '4e48228f2bce0a8fa0fe953ef9980a31', '姚秀英', 1);
INSERT INTO `user` VALUES (21080, '0e7d3a61bb2a11bcc6698e440cf5f48e', '谭睿', 1);
INSERT INTO `user` VALUES (21081, '2e04b20ab3dcd86452e6459ccfc47505', '彭子韬', 1);
INSERT INTO `user` VALUES (21082, '7e25e60b0818050d2b72a507b832d76c', '夏杰宏', 1);
INSERT INTO `user` VALUES (21083, '2a78453c3884f6cfa2c012bbef355f77', '韩詩涵', 1);
INSERT INTO `user` VALUES (21084, '27cb271e084419d890b38a8b6e70a4db', '高子韬', 1);
INSERT INTO `user` VALUES (21085, '365bc74a29eed1c0ab32577863b9ebf3', '江秀英', 1);
INSERT INTO `user` VALUES (21086, '421a70e6815e3d68bc4d15edea5fd7e9', '谭岚', 1);
INSERT INTO `user` VALUES (21087, '8fb69748c9bd773303549c3cd39b97a5', '贺詩涵', 1);
INSERT INTO `user` VALUES (21088, '11f246f0604af01e6d833bcf1cc60107', '田子韬', 1);
INSERT INTO `user` VALUES (21089, '99ca2f85bb0b2f33dda8e5f9cf107b45', '赵安琪', 1);
INSERT INTO `user` VALUES (21090, 'b7808839002d9fdd6a7206c84fe0f8cd', '贾子异', 1);
INSERT INTO `user` VALUES (21091, 'd1cb65423028f9ad3dc5affa9fc3d749', '武致远', 1);
INSERT INTO `user` VALUES (21092, '37ad700cea7812f429395becf8df1ef0', '朱詩涵', 1);
INSERT INTO `user` VALUES (21093, '4bc413f65498c95f3b2067ff72d97d55', '武睿', 1);
INSERT INTO `user` VALUES (21094, '1b3bdedbfcfbf0b0af91bee21db1295f', '孙晓明', 1);
INSERT INTO `user` VALUES (21095, '0fee7fa5cbcef9b106e468e743ead85f', '戴宇宁', 1);
INSERT INTO `user` VALUES (21096, 'd39ef10ed05d1ff39f53f125fb3de2e2', '龙睿', 1);
INSERT INTO `user` VALUES (21097, 'e80c48615a64340a859952d236131963', '卢睿', 1);
INSERT INTO `user` VALUES (21098, 'e25a094755a93d3ad3af39b0dc438c84', '段秀英', 1);
INSERT INTO `user` VALUES (21099, 'b4231816b32e303da6665cefebb87e9c', '蒋致远', 1);
INSERT INTO `user` VALUES (21100, '3f3ca8374e1bbcd5c363d27dc82cedc5', '吕睿', 1);
INSERT INTO `user` VALUES (21101, 'ca1bd276d3857b3c23e6447cd9cb9582', '胡詩涵', 1);
INSERT INTO `user` VALUES (21102, '4bab0e8c4d0a7fba5b484723e625a3c2', '卢子异', 1);
INSERT INTO `user` VALUES (21103, '270c9e2a09907b323e780c0e6d463e16', '莫嘉伦', 1);
INSERT INTO `user` VALUES (21104, 'e6717d2021e8a2b3c2d44e5c484e43dd', '潘云熙', 1);
INSERT INTO `user` VALUES (21105, 'ed65b43b753f540fe47a460279df223f', '姜詩涵', 1);
INSERT INTO `user` VALUES (21106, '2675050dd0d6aadba4f3059a245dcd5a', '谢秀英', 1);
INSERT INTO `user` VALUES (21107, 'd6ddb48dae910b2320a45e43a6344b22', '江璐', 1);
INSERT INTO `user` VALUES (21108, '0ad6264181cd58df1802554156ba83c1', '段致远', 1);
INSERT INTO `user` VALUES (21109, 'e2e88ad8794ac0458224e4d8cf8ad087', '魏子韬', 1);
INSERT INTO `user` VALUES (21110, '30ded458dd1ea0f323eb927b40d24237', '莫子韬', 1);
INSERT INTO `user` VALUES (21111, '09f37a7c38995df4c69319dcf6022a61', '江子韬', 1);
INSERT INTO `user` VALUES (21112, 'd041b333d54431be56be4760460f1fdd', '谢云熙', 1);
INSERT INTO `user` VALUES (21113, '08703ecd273e444a7ae43f824c673743', '杜晓明', 1);
INSERT INTO `user` VALUES (21114, 'e2aca14452cde4e8165ae109b98d0697', '雷嘉伦', 1);
INSERT INTO `user` VALUES (21115, '0cd3436bcd59dbd89ab5cd3d396a9177', '萧云熙', 1);
INSERT INTO `user` VALUES (21116, '7d9941a4f17f8d530878cfe6cc4b025d', '夏睿', 1);
INSERT INTO `user` VALUES (21117, 'efe05f38a0ecebbf97f09ebf8b31acf0', '侯杰宏', 1);
INSERT INTO `user` VALUES (21118, 'bd8859b07ef7aeffef02f5995c0e3c96', '严睿', 1);
INSERT INTO `user` VALUES (21119, '2ee8df6c59241cf079767af50aa12412', '毛震南', 1);
INSERT INTO `user` VALUES (21120, 'e16c69ac0855ab42fb401d5c19d01dfb', '朱安琪', 1);
INSERT INTO `user` VALUES (21121, '7386a0b817da021e3728fd098fa17afe', '林秀英', 1);
INSERT INTO `user` VALUES (21122, '7dbd2aee6b7aad36b8cf4f7506cfe38b', '石璐', 1);
INSERT INTO `user` VALUES (21123, '5405f49d85ec75325e69c24308d28ad3', '邹云熙', 1);
INSERT INTO `user` VALUES (21124, '2b03d63ab3b10180172a9d0aa0d895c6', '郭晓明', 1);
INSERT INTO `user` VALUES (21125, '75c93bfb28949daeba70ecfb5b6fc45a', '罗晓明', 1);
INSERT INTO `user` VALUES (21126, '35fea063d3dd9d71ad332e34b8d0235a', '朱宇宁', 1);
INSERT INTO `user` VALUES (21127, 'c99018f354d0f04a3e7bedf2a371d406', '戴云熙', 1);
INSERT INTO `user` VALUES (21128, '46e5df714edda1dcce2e006a58b303c4', '孔睿', 1);
INSERT INTO `user` VALUES (21129, 'c8ff4430f52fb8c6508d52e256dd037c', '夏嘉伦', 1);
INSERT INTO `user` VALUES (21130, 'c6abe8cd96e091f1b4896048bf18e5ba', '侯云熙', 1);
INSERT INTO `user` VALUES (21131, 'bf8742796f861362f477213b6869a10c', '许云熙', 1);
INSERT INTO `user` VALUES (21132, 'baca655dc7ef1fc3571d2a012804b406', '陆秀英', 1);
INSERT INTO `user` VALUES (21133, '4f71bac7e399574e6d7dacaf94561264', '黄岚', 1);
INSERT INTO `user` VALUES (21134, '8d02101040471e81e719f32c063e3e21', '崔晓明', 1);
INSERT INTO `user` VALUES (21135, '6b10c2e01a7264505381894fa5b65aef', '龚詩涵', 1);
INSERT INTO `user` VALUES (21136, 'a21846f9e55ef28411b985779cb78f77', '孙嘉伦', 1);
INSERT INTO `user` VALUES (21137, '297271f0fc8532f877a5de014daef62a', '胡晓明', 1);
INSERT INTO `user` VALUES (21138, 'ed056f4ce8d63b9976edb3a5454d9c42', '韩子异', 1);
INSERT INTO `user` VALUES (21139, '7dda9a54a1b05467bc5386510e3158f0', '薛晓明', 1);
INSERT INTO `user` VALUES (21140, '3a0ee9c8b9118a924a853aeed7eb807c', '贾秀英', 1);
INSERT INTO `user` VALUES (21141, '25cb0e103f07f1fd07b696b2fc4eb1a5', '胡杰宏', 1);
INSERT INTO `user` VALUES (21142, '80ef844f80583ffbdeb5980a96cf349f', '邱詩涵', 1);
INSERT INTO `user` VALUES (21143, '00b64a49f5f7d8770bb49a242d752be3', '谢璐', 1);
INSERT INTO `user` VALUES (21144, '8144e775467b8dfddfeabe4faece759f', '冯云熙', 1);
INSERT INTO `user` VALUES (21145, '2ec7fec631adbfc925dd45478b5c8998', '黄秀英', 1);
INSERT INTO `user` VALUES (21146, '3df545dd7779fd60d7bcad0a663a81ea', '孔宇宁', 1);
INSERT INTO `user` VALUES (21147, '45ad2cb405b185c57fdd119c16cf1e65', '蔡宇宁', 1);
INSERT INTO `user` VALUES (21148, '5cf9a32429c95df70b2f77ceb600abad', '吴子异', 1);
INSERT INTO `user` VALUES (21149, '6eb1caf703dca86905208434bd9da317', '任岚', 1);
INSERT INTO `user` VALUES (21150, '4239210826e7f27a8025cf35a0ac6ba6', '郝宇宁', 1);
INSERT INTO `user` VALUES (21151, '4a56dea51f9a5979df5443de61c98186', '向睿', 1);
INSERT INTO `user` VALUES (21152, 'f9d6aee2112ebc88eea5b981013a5d2a', '龙睿', 1);
INSERT INTO `user` VALUES (21153, '4695d5c671a3fc37ee566fdf8b83e895', '段睿', 1);
INSERT INTO `user` VALUES (21154, 'c03a8efb47e781a25e0ff486a44d3560', '范杰宏', 1);
INSERT INTO `user` VALUES (21155, '3137fb011ff66b2f77accd35efba58c9', '尹晓明', 1);
INSERT INTO `user` VALUES (21156, 'aa64850f4b1e3c3c2f386ac3e7c1fe74', '蒋子韬', 1);
INSERT INTO `user` VALUES (21157, 'a4a032fdc8e799f15706aa39057e9941', '黎云熙', 1);
INSERT INTO `user` VALUES (21158, 'b6c5a40f8d26642802a528073eb0481b', '方睿', 1);
INSERT INTO `user` VALUES (21159, 'b45e0bed773f6d366213ff533a43e6ea', '姚致远', 1);
INSERT INTO `user` VALUES (21160, 'b27e46e8616ef703fe81920028f1ca6d', '钟詩涵', 1);
INSERT INTO `user` VALUES (21161, '710129a895f78ee2647cf295a31b3da0', '陶致远', 1);
INSERT INTO `user` VALUES (21162, 'c79fa0d90ee259b648e7ca3f5b9841ec', '姜晓明', 1);
INSERT INTO `user` VALUES (21163, '86926d72ec4d574922477474be7d0ad9', '贾云熙', 1);
INSERT INTO `user` VALUES (21164, '79d3228d2c0fcf128a05b80f83f9843d', '唐璐', 1);
INSERT INTO `user` VALUES (21165, '0a1d72889812114dbc4dd2c160a7a01f', '曹嘉伦', 1);
INSERT INTO `user` VALUES (21166, 'bbe7b3de104234f8640e5aedd33a9f0e', '吴璐', 1);
INSERT INTO `user` VALUES (21167, '1df124599ca698c575389f65d278d37a', '傅岚', 1);
INSERT INTO `user` VALUES (21168, 'a1a2b1813aa0f0cfcfb45e1543d54c74', '姜杰宏', 1);
INSERT INTO `user` VALUES (21169, '246454ae82e1d0b60529f21a0fdb31b9', '秦云熙', 1);
INSERT INTO `user` VALUES (21170, '1a2649fbe50de41680b7f2ee54a82e1b', '邵璐', 1);
INSERT INTO `user` VALUES (21171, '7ecc09293990b58f5444af758f879ec0', '刘震南', 1);
INSERT INTO `user` VALUES (21172, 'e43bdb791dd6c9246787b587d050bf0b', '薛晓明', 1);
INSERT INTO `user` VALUES (21173, '4237e720ba82b18d68106aef3e9504b1', '邵晓明', 1);
INSERT INTO `user` VALUES (21174, '81800493b04a659f0f586ee43f3149c0', '范岚', 1);
INSERT INTO `user` VALUES (21175, 'f5834f813daeb046c871092b29b38924', '邵杰宏', 1);
INSERT INTO `user` VALUES (21176, 'e6906fcd8f011edce975a8efce37cef5', '雷子韬', 1);
INSERT INTO `user` VALUES (21177, '260bd684f61c88fddc544691a6c85434', '薛詩涵', 1);
INSERT INTO `user` VALUES (21178, 'fb4f5c070ac061cdff9d6edeec4a08f7', '曹云熙', 1);
INSERT INTO `user` VALUES (21179, '340bf7cf38de874a87c74c219efd7a73', '雷震南', 1);
INSERT INTO `user` VALUES (21180, 'c2c138a39a1c5ea8227ad04892c1f3a3', '常安琪', 1);
INSERT INTO `user` VALUES (21181, 'bf99da95f9312cc95bf925c83303fa6b', '蒋詩涵', 1);
INSERT INTO `user` VALUES (21182, 'da826cebeb586bc1884d0a777a1c8cb4', '段宇宁', 1);
INSERT INTO `user` VALUES (21183, 'bb834c4d682662e35db5e4c307e8bef5', '唐嘉伦', 1);
INSERT INTO `user` VALUES (21184, '6843dbc5ce791fb2e60a002cb4298a88', '杜云熙', 1);
INSERT INTO `user` VALUES (21185, '712d9c9822c3594f24086906832a73e9', '余嘉伦', 1);
INSERT INTO `user` VALUES (21186, 'b25236663170b8d9a4c5f9c3dfc3746f', '方云熙', 1);
INSERT INTO `user` VALUES (21187, 'bf9c49e7d14abd5f0abf45fb758d5fb5', '余宇宁', 1);
INSERT INTO `user` VALUES (21188, '790f16b46d155c6e6a697aa5e2c7d67d', '陆安琪', 1);
INSERT INTO `user` VALUES (21189, '86cca07a95dd4686a29c4cf51f60c4fd', '谢云熙', 1);
INSERT INTO `user` VALUES (21190, '7a70ae4d720adcee5fe14192ca9ba685', '邓震南', 1);
INSERT INTO `user` VALUES (21191, 'c0c0064af247a1466de7d39ed2e222f0', '石睿', 1);
INSERT INTO `user` VALUES (21192, '0f97fce290de0473f3623a9f8490a75f', '曹宇宁', 1);
INSERT INTO `user` VALUES (21193, '520a2887ad2c61c31a30b56e2f0dfcfe', '武晓明', 1);
INSERT INTO `user` VALUES (21194, '376f6a82e6501be8cad17c2dfadac765', '钟杰宏', 1);
INSERT INTO `user` VALUES (21195, 'bbc2402cd01fcb1c7c83a7cd6d7aef54', '苏震南', 1);
INSERT INTO `user` VALUES (21196, 'c1ab6e0bce34c60c40a30e6c8af2a424', '龙秀英', 1);
INSERT INTO `user` VALUES (21197, 'db3c82656b3b0ac92f5622800fa123fb', '汤杰宏', 1);
INSERT INTO `user` VALUES (21198, 'ecaabe8273782e33db042c35d671e9b6', '傅致远', 1);
INSERT INTO `user` VALUES (21199, '2242f5c9446ea41db6de6a303e533cc8', '戴宇宁', 1);
INSERT INTO `user` VALUES (21200, 'e3d6b502be822e4924c99fe08a166bf0', '冯子韬', 1);
INSERT INTO `user` VALUES (21201, '10a35470fb302dc8a56cc7538379f024', '邹晓明', 1);
INSERT INTO `user` VALUES (21202, '75276f4fa8794a7455bcb3b23dff134d', '彭秀英', 1);
INSERT INTO `user` VALUES (21203, 'bf767267c13399f02d764a64d510307c', '薛致远', 1);
INSERT INTO `user` VALUES (21204, '8437eab731872775a484dc3d0145a7c3', '苏宇宁', 1);
INSERT INTO `user` VALUES (21205, '8cdf230f52bdceba0f8e195a93392d12', '侯子异', 1);
INSERT INTO `user` VALUES (21206, '0d1361d774c905bc873efd02704e0400', '彭子异', 1);
INSERT INTO `user` VALUES (21207, '3fbc4a62ca34f4696b1d49d40ebb7478', '潘安琪', 1);
INSERT INTO `user` VALUES (21208, 'c4965aa59f18426b2385b727f31b6f0f', '徐秀英', 1);
INSERT INTO `user` VALUES (21209, '4ca78d78e6a36852953ac2aa2e504879', '尹子异', 1);
INSERT INTO `user` VALUES (21210, '2bf36b1c8749e00906f314a66d13ab12', '金云熙', 1);
INSERT INTO `user` VALUES (21211, '56511f58e751f7dfa7e5900b797cfc48', '石岚', 1);
INSERT INTO `user` VALUES (21212, 'ba1fe524edae06ddf7c780a5cc3a044a', '张嘉伦', 1);
INSERT INTO `user` VALUES (21213, 'db1c8357d41129d8b5bbecd1dbc73b43', '叶震南', 1);
INSERT INTO `user` VALUES (21214, '04ff3dfbc1f26a6f66d2e79cec0da88a', '于宇宁', 1);
INSERT INTO `user` VALUES (21215, 'b5d6369a4de756dfd38f305417833e38', '黄致远', 1);
INSERT INTO `user` VALUES (21216, 'ebcfced559a2dda6d6b149dbd63d38eb', '阎晓明', 1);
INSERT INTO `user` VALUES (21217, '7160d8e1265dbde62f2b411da7388fb6', '宋璐', 1);
INSERT INTO `user` VALUES (21218, 'a9ea9b69bad53fdabc1a0e5bff5fa2e5', '郝安琪', 1);
INSERT INTO `user` VALUES (21219, 'fd3ba6d056dc1d2b207744e4537c831c', '罗嘉伦', 1);
INSERT INTO `user` VALUES (21220, 'f69517ae6cd5990a0908998dbc6372dc', '唐云熙', 1);
INSERT INTO `user` VALUES (21221, '506fd53899fa8fbbdb3798984319ef8f', '张璐', 1);
INSERT INTO `user` VALUES (21222, '8e2908343cf8d23ad0ed9df302285b5b', '吴嘉伦', 1);
INSERT INTO `user` VALUES (21223, '5013dbf583128472988152d7efaddadf', '尹宇宁', 1);
INSERT INTO `user` VALUES (21224, '4d412155ad1eff52031d8f6e55b98e8a', '韦詩涵', 1);
INSERT INTO `user` VALUES (21225, 'd3b611dc66882b9d526d2fd5ae9afb8d', '郝云熙', 1);
INSERT INTO `user` VALUES (21226, '2df43bd973c8757234ca6c68ea35c9f9', '萧子韬', 1);
INSERT INTO `user` VALUES (21227, '685cc8308c8346d93e39e07e7c02f1b8', '阎子韬', 1);
INSERT INTO `user` VALUES (21228, '74caa99f60e2985de8b28754ae8cc006', '金杰宏', 1);
INSERT INTO `user` VALUES (21229, '3ccdf2cc48138d87ae5896ffa58d1e86', '汤云熙', 1);
INSERT INTO `user` VALUES (21230, 'f8a71afa7ce835b08d46833242836b76', '许岚', 1);
INSERT INTO `user` VALUES (21231, 'faea24fb86f0e21170f8938833cfd01a', '陆安琪', 1);
INSERT INTO `user` VALUES (21232, '56582950c711bd4b32f9d0052c7052c8', '黎璐', 1);
INSERT INTO `user` VALUES (21233, 'd00381b2db6c6693786c5e01913dd5f6', '朱岚', 1);
INSERT INTO `user` VALUES (21234, 'a79f17b4082d0e5cbe2e8fcfec539c75', '邵安琪', 1);
INSERT INTO `user` VALUES (21235, '48893d89138342a240009079572e15a9', '姚璐', 1);
INSERT INTO `user` VALUES (21236, '3e5f338ee67162fab224a90727376033', '冯晓明', 1);
INSERT INTO `user` VALUES (21237, 'f855e11ea2a7bb2d209441e99bbf80a8', '魏子韬', 1);
INSERT INTO `user` VALUES (21238, '5d1f2767b98db4463cebd2c735a0dae7', '严致远', 1);
INSERT INTO `user` VALUES (21239, 'cc30ebbc3ecc1a6a6f4a007ea3952f30', '周岚', 1);
INSERT INTO `user` VALUES (21240, 'd61947d7a74b48342a826db55d5fa3eb', '郑睿', 1);
INSERT INTO `user` VALUES (21241, 'e6cf7bb0c0292944c39d1a70e743e307', '朱晓明', 1);
INSERT INTO `user` VALUES (21242, 'b4f7799539716669ef551aa8072489e4', '曾嘉伦', 1);
INSERT INTO `user` VALUES (21243, '614fabc5c8ac4f409cf16c3e6e00e3b6', '邹子异', 1);
INSERT INTO `user` VALUES (21244, '1ef1681d70a18aebc11c070dd7c89bb9', '龙岚', 1);
INSERT INTO `user` VALUES (21245, '854ea917b5021b61e2effbde7d10ab5e', '潘子韬', 1);
INSERT INTO `user` VALUES (21246, 'b8cb51e34dad95c153a75c19a82683b6', '黄震南', 1);
INSERT INTO `user` VALUES (21247, '113116029dfc4f3e1dfe390b87b56061', '郭嘉伦', 1);
INSERT INTO `user` VALUES (21248, '9cb6f02b3a4339fa60c51112658b2986', '田子异', 1);
INSERT INTO `user` VALUES (21249, '27d22da29f98d3c30625b3666e0cb1ee', '戴子韬', 1);
INSERT INTO `user` VALUES (21250, 'd9f324e1fb16ac131db76b112f4f3c2f', '邓子韬', 1);
INSERT INTO `user` VALUES (21251, 'acfbef7345822d37207a148f0bee913a', '侯子异', 1);
INSERT INTO `user` VALUES (21252, 'ba2bf55fb40fae8cab200315a479c3bb', '杨宇宁', 1);
INSERT INTO `user` VALUES (21253, '0ff38ef04b1927f4ab56f3906b2a3b25', '孔璐', 1);
INSERT INTO `user` VALUES (21254, 'a7835fe75b8849bda8e6528b23988fae', '严安琪', 1);
INSERT INTO `user` VALUES (21255, '23bcd9a712ccb33e5287335289ad30c9', '沈晓明', 1);
INSERT INTO `user` VALUES (21256, '5d28d4129492650cd44ecb62fc7b9d3f', '石詩涵', 1);
INSERT INTO `user` VALUES (21257, 'c29a08977c33a8a717635e3afe38ef2f', '宋云熙', 1);
INSERT INTO `user` VALUES (21258, 'ee72330ae1e0d3cb59ae1718ce35eb0d', '杜岚', 1);
INSERT INTO `user` VALUES (21259, '1881b9162f31f17ec2b763d31d2e985a', '钱詩涵', 1);
INSERT INTO `user` VALUES (21260, 'b774f0a9eef0a540062f4d6b0b472327', '唐云熙', 1);
INSERT INTO `user` VALUES (21261, '39ef351f84940e7d30868bbb8e272327', '潘詩涵', 1);
INSERT INTO `user` VALUES (21262, '6cf0899fb356a644be94a13c8cd340b1', '孙璐', 1);
INSERT INTO `user` VALUES (21263, '3c757fba33a13b9e30cf75946bf465e5', '曹詩涵', 1);
INSERT INTO `user` VALUES (21264, '850274122faebf59c06cb89c4716d2b9', '龚睿', 1);
INSERT INTO `user` VALUES (21265, '56e4ec7286013a2af0ace485cc91f15d', '程致远', 1);
INSERT INTO `user` VALUES (21266, '2937acb9bfece0a5db5b9a309149a8f6', '贾致远', 1);
INSERT INTO `user` VALUES (21267, '1f1a75b7ac03259427312c38d6ec76d1', '侯嘉伦', 1);
INSERT INTO `user` VALUES (21268, 'b9cbd7a822c0d01ec6fb1dc2e6f4cbb1', '田子异', 1);
INSERT INTO `user` VALUES (21269, '3405cc96fe1eb5f11b3ba8a9f4b9a935', '萧云熙', 1);
INSERT INTO `user` VALUES (21270, 'bc9ec81ef3421f9bf7abc7f8e541f53b', '薛子韬', 1);
INSERT INTO `user` VALUES (21271, '67e8a72442dcf2d98651313be59032ff', '曾嘉伦', 1);
INSERT INTO `user` VALUES (21272, '2f11915e50a87bee5e255d661b257802', '于詩涵', 1);
INSERT INTO `user` VALUES (21273, '8dbb3087854e8969bd0060204077fa7b', '袁子韬', 1);
INSERT INTO `user` VALUES (21274, '642cefb379d8b273ac0f610e9a4c50fb', '夏致远', 1);
INSERT INTO `user` VALUES (21275, '6364b3748de70d07776ea29ea6617645', '陈致远', 1);
INSERT INTO `user` VALUES (21276, 'd65c828e6946d0db86d8ba5ea5648ceb', '卢睿', 1);
INSERT INTO `user` VALUES (21277, '4613438512ef59b85e119faf8e4940db', '郑晓明', 1);
INSERT INTO `user` VALUES (21278, '4ca97cc6268c6d2d524ad7948372f6aa', '马致远', 1);
INSERT INTO `user` VALUES (21279, '5213fb93de49cfe360ddd9013c2b7e33', '董致远', 1);
INSERT INTO `user` VALUES (21280, '602ecd9731ecaf2d5e64575a79f5ec28', '金岚', 1);
INSERT INTO `user` VALUES (21281, '534e1f68b85803185b8eac5e1000864d', '何杰宏', 1);
INSERT INTO `user` VALUES (21282, 'd3473f546e5685cd02681b49f9d705fe', '廖云熙', 1);
INSERT INTO `user` VALUES (21283, '18cb0095c56266af72001fd4515cb719', '杜云熙', 1);
INSERT INTO `user` VALUES (21284, '14cf48f01935a91bca7812adf4746250', '陈子韬', 1);
INSERT INTO `user` VALUES (21285, 'f7467b648ac3fcf80663ee747078ca3a', '周杰宏', 1);
INSERT INTO `user` VALUES (21286, '3d7b687055255e46ad31b5e70f1fd2f1', '徐子韬', 1);
INSERT INTO `user` VALUES (21287, 'a2df11a21286904047305c2fb56a5bf0', '郑晓明', 1);
INSERT INTO `user` VALUES (21288, '975fc85dfd21de4eb7d03bbae38efa49', '高嘉伦', 1);
INSERT INTO `user` VALUES (21289, '0d63df674fc63281e2eb459cf14dc11e', '方致远', 1);
INSERT INTO `user` VALUES (21290, 'd2b84ba7ed78f73ea05acf55a0fa6577', '陆詩涵', 1);
INSERT INTO `user` VALUES (21291, '447cbd794d9c3208add43851ae688eb2', '方致远', 1);
INSERT INTO `user` VALUES (21292, 'cd905fd24f449c05be86c9254a209e9e', '田嘉伦', 1);
INSERT INTO `user` VALUES (21293, '76b7e521828bbe689fe30744e146f3ae', '陆睿', 1);
INSERT INTO `user` VALUES (21294, '4702c6186b602ad8d0f97e4cbb08f186', '蔡秀英', 1);
INSERT INTO `user` VALUES (21295, 'b6a9b4551895b1625f37be3de9845c5c', '宋嘉伦', 1);
INSERT INTO `user` VALUES (21296, 'deabda75ccbeefc454251a1666826bf9', '向璐', 1);
INSERT INTO `user` VALUES (21297, '4a024737a1cc9629a067ca7dc762f31d', '崔杰宏', 1);
INSERT INTO `user` VALUES (21298, '3fc0efed0ae89982dad6faaed8b5dfb9', '袁嘉伦', 1);
INSERT INTO `user` VALUES (21299, 'e4a748863100c1b2020145956c2ee24d', '陆嘉伦', 1);
INSERT INTO `user` VALUES (21300, '88f3e69c40ede9d3dab8182a0565a237', '宋致远', 1);
INSERT INTO `user` VALUES (21301, '3a77a883655370157a794a6aabafbb21', '严璐', 1);
INSERT INTO `user` VALUES (21302, '77a0dcbf6f96bf2dc23f228b7c9e485b', '陶岚', 1);
INSERT INTO `user` VALUES (21303, '1d0cdeb19de350116e89604739b4dc7a', '毛岚', 1);
INSERT INTO `user` VALUES (21304, '72b3b25b53445194cd35458358db7add', '邵子异', 1);
INSERT INTO `user` VALUES (21305, 'c252f067eb311527530ac8a15381175d', '杜詩涵', 1);
INSERT INTO `user` VALUES (21306, '141e8f37f0638b4d6538db7563b8f983', '余嘉伦', 1);
INSERT INTO `user` VALUES (21307, '2d78441bc2beb8cd8c45b4a618ad85d7', '谭杰宏', 1);
INSERT INTO `user` VALUES (21308, '223d27892bb30d22f05540be7fd17597', '彭岚', 1);
INSERT INTO `user` VALUES (21309, '2a62b71b3d43ccd93d403bf678919b2d', '秦子异', 1);
INSERT INTO `user` VALUES (21310, '701ac90ed1e9aadc179a22f94fa6814f', '江致远', 1);
INSERT INTO `user` VALUES (21311, '7887d1dfa53de8e53d8bac4d71fdaa94', '郝睿', 1);
INSERT INTO `user` VALUES (21312, '9537e4a12e6904ba8dcb972fc0a9d475', '毛晓明', 1);
INSERT INTO `user` VALUES (21313, '823b5f1ce42fbb10bb38fd44c0de05b7', '汤晓明', 1);
INSERT INTO `user` VALUES (21314, 'c600933d6a4b74c65e0c30c86d1e8144', '马震南', 1);
INSERT INTO `user` VALUES (21315, '157aa0754fbd72d6754836251149293a', '顾嘉伦', 1);
INSERT INTO `user` VALUES (21316, '148483975b584489e9df47685d1052f5', '谭秀英', 1);
INSERT INTO `user` VALUES (21317, '3b44e4b37886a0cd16a56955426bade4', '梁詩涵', 1);
INSERT INTO `user` VALUES (21318, '868f1a94d942db35a0dc693f2d42d9aa', '金子韬', 1);
INSERT INTO `user` VALUES (21319, '4fed53d628dc3147b82207e735105d97', '龙秀英', 1);
INSERT INTO `user` VALUES (21320, '358cebc8b3bf58f6feceaf9847272f61', '任子异', 1);
INSERT INTO `user` VALUES (21321, '585d96dda9a2fac4792849b051826b2f', '陈睿', 1);
INSERT INTO `user` VALUES (21322, '042d835c41ffb7e931bb22f6fa5004c0', '徐睿', 1);
INSERT INTO `user` VALUES (21323, '775aa3219d226c363b5c8a32e4ff4584', '谭安琪', 1);
INSERT INTO `user` VALUES (21324, '5e82b7929c9772a16b5dde0f1aca68e5', '邓杰宏', 1);
INSERT INTO `user` VALUES (21325, '6a1b8c34283908398b257ea0647b64fa', '张杰宏', 1);
INSERT INTO `user` VALUES (21326, 'f4d7307f3617ff11be25945745358cc8', '胡震南', 1);
INSERT INTO `user` VALUES (21327, 'eaa11aec5fd36eb2e681a8ece4f5b896', '胡安琪', 1);
INSERT INTO `user` VALUES (21328, '7ef604837f089cc178055b8394ba00e3', '任致远', 1);
INSERT INTO `user` VALUES (21329, '909325d7c16713312c4bd5a5549c2b77', '唐子异', 1);
INSERT INTO `user` VALUES (21330, '7418a70d7dcffbef81bbc91e0506383c', '苏子异', 1);
INSERT INTO `user` VALUES (21331, '4ab236bfdade469ffbf41f9add963deb', '向睿', 1);
INSERT INTO `user` VALUES (21332, 'dfd6238d4ab642a3d1278f863f8bbeb9', '段岚', 1);
INSERT INTO `user` VALUES (21333, '9ec2de4c6ff416bbfde7e6013c7bf0e1', '戴詩涵', 1);
INSERT INTO `user` VALUES (21334, 'aa4a09852f777ab2e5d9f0379ce32f65', '熊晓明', 1);
INSERT INTO `user` VALUES (21335, 'e5a5dcb4c2d17e3f7320e6ee513536b2', '王云熙', 1);
INSERT INTO `user` VALUES (21336, '630ba14e1d3f3557da8da9a5ef1859ae', '夏秀英', 1);
INSERT INTO `user` VALUES (21337, '013e18ca237c1858b31cb8a65e36f0e7', '韦嘉伦', 1);
INSERT INTO `user` VALUES (21338, 'feca7a6f45f2d021c73e6a825a0c7090', '郭子韬', 1);
INSERT INTO `user` VALUES (21339, '5a9a7c446c0cd05482114e5d7a0a564b', '秦子异', 1);
INSERT INTO `user` VALUES (21340, '90a529c3ab3f751356d56ef1049ffd38', '武詩涵', 1);
INSERT INTO `user` VALUES (21341, 'd7f68b37bb8b94b23856cdf2dc65cbd5', '武杰宏', 1);
INSERT INTO `user` VALUES (21342, '32959d8f214f987617d93e09a360cf81', '吴璐', 1);
INSERT INTO `user` VALUES (21343, '5334e0342bc950f3c72262d0d9a405ed', '戴晓明', 1);
INSERT INTO `user` VALUES (21344, '94f4039dbf1a77765e2d34b98a7da8c0', '萧震南', 1);
INSERT INTO `user` VALUES (21345, '027ad9463034bf0a98b3702ac4b2eda1', '卢睿', 1);
INSERT INTO `user` VALUES (21346, '350250f322e78177ad99041cc9636323', '曹秀英', 1);
INSERT INTO `user` VALUES (21347, 'beacd2ca8efe3caa95cd288ea636a87e', '潘岚', 1);
INSERT INTO `user` VALUES (21348, 'e44aa66761a61590c4b8327d74d08056', '郑安琪', 1);
INSERT INTO `user` VALUES (21349, '891978bf17d09c2daa883884d83224cf', '蔡宇宁', 1);
INSERT INTO `user` VALUES (21350, '5bd81d62ebaa82b2d47b71e130236c69', '马子异', 1);
INSERT INTO `user` VALUES (21351, '1a0a3b38d20ceb1f12f954cdf0f89098', '姚子异', 1);
INSERT INTO `user` VALUES (21352, '08e7cb86bdc336933a403a5f21da5fc5', '丁云熙', 1);
INSERT INTO `user` VALUES (21353, '982a2e5e84fb5208e15879d77337f5ac', '彭秀英', 1);
INSERT INTO `user` VALUES (21354, '35729b3aede372bd816ad5064535366d', '钟安琪', 1);
INSERT INTO `user` VALUES (21355, '14c9324c95ccfa0e87fc5ea4c2934ed0', '黄云熙', 1);
INSERT INTO `user` VALUES (21356, 'dd6ae6c7ed200e1bb32f914ca0e66fba', '石安琪', 1);
INSERT INTO `user` VALUES (21357, '6a3620254f550c8c4104cf6638a86149', '卢子异', 1);
INSERT INTO `user` VALUES (21358, '4120f9378422aa7aed324ea16765782a', '江杰宏', 1);
INSERT INTO `user` VALUES (21359, '184faee8709396b1372599a403909688', '周子异', 1);
INSERT INTO `user` VALUES (21360, '6f52ac4d25f32510495a572a0b4be82b', '杨子韬', 1);
INSERT INTO `user` VALUES (21361, 'f19f49c378f00cf6f7ca4892c477c28b', '史晓明', 1);
INSERT INTO `user` VALUES (21362, 'ccdd4151d54388d208a4782362c5a272', '董嘉伦', 1);
INSERT INTO `user` VALUES (21363, '98442f19297ecafc05f87c1e19ce78d0', '贺子异', 1);
INSERT INTO `user` VALUES (21364, '61cf819d88cd6425e39835e150844d79', '沈致远', 1);
INSERT INTO `user` VALUES (21365, '9f1c315e0ac85bc7a989460635f53ab6', '周睿', 1);
INSERT INTO `user` VALUES (21366, 'd38fe46d5a5587cd2b302a384ffdc189', '丁致远', 1);
INSERT INTO `user` VALUES (21367, '65efac17b4cdb123408939647435a7ae', '阎致远', 1);
INSERT INTO `user` VALUES (21368, 'a96e46506740569070e2096b47815c77', '徐杰宏', 1);
INSERT INTO `user` VALUES (21369, 'd4b3ca83b0e2c3914856223a46cc4b31', '武宇宁', 1);
INSERT INTO `user` VALUES (21370, '9e0d3e31afdaeaa05545cdf0fbde6c5a', '傅子异', 1);
INSERT INTO `user` VALUES (21371, 'a262c7133ec644b4ca8739911caa944f', '石子异', 1);
INSERT INTO `user` VALUES (21372, '8a0e4a840c9203dcef9c566c0c353cb0', '蒋宇宁', 1);
INSERT INTO `user` VALUES (21373, '493f43470f793447dc3a596d184a0687', '苏璐', 1);
INSERT INTO `user` VALUES (21374, '5f632c385c9d164d19928392127275bc', '唐嘉伦', 1);
INSERT INTO `user` VALUES (21375, '1c7bfba9a29d688a0f26c9c8cef00e68', '罗詩涵', 1);
INSERT INTO `user` VALUES (21376, 'f7ccc74383e09e3301ded8ce7f2d6e8a', '段嘉伦', 1);
INSERT INTO `user` VALUES (21377, '20a978dd98e2649631ad617404319c5a', '常岚', 1);
INSERT INTO `user` VALUES (21378, '4021e7ff8c9d1c43c95a3899f7e7a449', '莫子异', 1);
INSERT INTO `user` VALUES (21379, '1eec0d7af904573fc9a63011f74f450d', '吴杰宏', 1);
INSERT INTO `user` VALUES (21380, 'ad4c0396ab24b387af477611623ff393', '熊震南', 1);
INSERT INTO `user` VALUES (21381, 'fd1c00d3573e927d489f14bdfe779d54', '韩岚', 1);
INSERT INTO `user` VALUES (21382, '49c53f5d56b57faba5523fc333580671', '赵子韬', 1);
INSERT INTO `user` VALUES (21383, '93fd15e8d788d2b84dd484072bc78f93', '汪宇宁', 1);
INSERT INTO `user` VALUES (21384, '2ecbaeeac5515c95242916364d15c5c4', '谢宇宁', 1);
INSERT INTO `user` VALUES (21385, '6521a3028a8f07d3c85466bf75ab4136', '董晓明', 1);
INSERT INTO `user` VALUES (21386, 'b5530f2b6c2b16ec4796ff59f3563fb0', '侯晓明', 1);
INSERT INTO `user` VALUES (21387, '40f9aea1ccee86c57c3a6761eaad3163', '丁震南', 1);
INSERT INTO `user` VALUES (21388, '0a202398b503d1d2f7f6fccbf7ece2f3', '曾晓明', 1);
INSERT INTO `user` VALUES (21389, '259894326e5ce9b59d86889502a28d46', '尹岚', 1);
INSERT INTO `user` VALUES (21390, '0ccf27be8da7d5a587683044a4ec8f9a', '杨岚', 1);
INSERT INTO `user` VALUES (21391, '119a6ec1c0c45f86c7c7b8aabc2faa4d', '邹晓明', 1);
INSERT INTO `user` VALUES (21392, '60004df9f42d909de603ecabfdedb8f8', '叶秀英', 1);
INSERT INTO `user` VALUES (21393, '781810b276d7ab485a321ea2f3323aaf', '何岚', 1);
INSERT INTO `user` VALUES (21394, 'd23b370fe932a08ff6a6c0e168672b10', '郑秀英', 1);
INSERT INTO `user` VALUES (21395, '441cb6510ac962286beeafc28fef82bf', '薛震南', 1);
INSERT INTO `user` VALUES (21396, '45ece5415dd34bdb894206aff5a50d46', '熊安琪', 1);
INSERT INTO `user` VALUES (21397, '1c7ce19b9c763cc8d1ce52a2957df12b', '方岚', 1);
INSERT INTO `user` VALUES (21398, '6448314d33ec5d4485019e211b848db2', '姜致远', 1);
INSERT INTO `user` VALUES (21399, '2e75943ac29ae7d66582a65580105549', '杨璐', 1);
INSERT INTO `user` VALUES (21400, '4f381761c0fecd1d2c7cb6740ec2a2ee', '廖詩涵', 1);
INSERT INTO `user` VALUES (21401, '87c8c20a78afb7ca14e938723ce3706e', '徐詩涵', 1);
INSERT INTO `user` VALUES (21402, '60c71cde3497a3e0f82588c02fc2bbd3', '江杰宏', 1);
INSERT INTO `user` VALUES (21403, 'aef1b681a0b9a4e8a7b1c9bd720e4c5b', '韩致远', 1);
INSERT INTO `user` VALUES (21404, 'b3f7dbc57dfdcf9c5e01b2fbb7f4aa1c', '金晓明', 1);
INSERT INTO `user` VALUES (21405, 'b7bd6ded3d930d0948c6b3df28961dbb', '郭晓明', 1);
INSERT INTO `user` VALUES (21406, '279b381afd21fd6272cb31646058897a', '邱詩涵', 1);
INSERT INTO `user` VALUES (21407, '59766b077f3ff0c1f3aee91913ef4e20', '胡宇宁', 1);
INSERT INTO `user` VALUES (21408, '9921270a78a86eb2e1e2e4dd009ce455', '方嘉伦', 1);
INSERT INTO `user` VALUES (21409, '84bf23d533baafd39342caaabca9b837', '董云熙', 1);
INSERT INTO `user` VALUES (21410, '39cc8baef12ad919703986cabbf87a82', '韩晓明', 1);
INSERT INTO `user` VALUES (21411, '32d901db79784bbacfb2e77867f45fd9', '姜岚', 1);
INSERT INTO `user` VALUES (21412, '07b66ab9235070d2cb384d304ad52725', '马云熙', 1);
INSERT INTO `user` VALUES (21413, '261e24b655ff5b382870b8b99699ad2d', '邹宇宁', 1);
INSERT INTO `user` VALUES (21414, '04dc1fc8cbd2cb64a2c60cdbb6851140', '王嘉伦', 1);
INSERT INTO `user` VALUES (21415, '9df196d65d45f744fd1dbb2900282684', '龙杰宏', 1);
INSERT INTO `user` VALUES (21416, '0c23cbc81de3cef559c0960049ed7fec', '孙璐', 1);
INSERT INTO `user` VALUES (21417, '7ed5742cac517fb2de4db2b803bbd679', '毛晓明', 1);
INSERT INTO `user` VALUES (21418, '9c2cb3cacfb4fe93ef57e1599d0f3c7d', '汤杰宏', 1);
INSERT INTO `user` VALUES (21419, '4ee2821dfe9318bac317a15b1dbd65fa', '梁云熙', 1);
INSERT INTO `user` VALUES (21420, '1d964a3a658c9e451a3579c868f4f5a5', '彭睿', 1);
INSERT INTO `user` VALUES (21421, '5c670566118724affd4fc3eb252e022a', '钱璐', 1);
INSERT INTO `user` VALUES (21422, '67e5c1b924873cae5514d49e8755ab48', '郭詩涵', 1);
INSERT INTO `user` VALUES (21423, 'f73843e21c2c23920d59fd098710a26e', '刘晓明', 1);
INSERT INTO `user` VALUES (21424, '4c87af4e4905ea385b4b62dcce04d104', '顾子异', 1);
INSERT INTO `user` VALUES (21425, '6c17e34b61489289692d37ecea2e0ace', '胡杰宏', 1);
INSERT INTO `user` VALUES (21426, '09f8fdd4265c486c53a2ac4467588472', '陶睿', 1);
INSERT INTO `user` VALUES (21427, 'f015be33f8b37b91c6e24443f8780f9b', '戴璐', 1);
INSERT INTO `user` VALUES (21428, '3e2882e382b75ad9c50eac800dc6caf3', '吴震南', 1);
INSERT INTO `user` VALUES (21429, '671560e0beed4a6b2deed88d1a7596b1', '高璐', 1);
INSERT INTO `user` VALUES (21430, '52aa8f97560d0763a93bba6337d8f0b0', '阎子异', 1);
INSERT INTO `user` VALUES (21431, 'e97f85eceb180c9d27810f9f70017f18', '赵秀英', 1);
INSERT INTO `user` VALUES (21432, '1b292b8348146c893e9ce0376df6683a', '黄秀英', 1);
INSERT INTO `user` VALUES (21433, '26216c766317deb9851a52866f13d603', '田睿', 1);
INSERT INTO `user` VALUES (21434, 'fcbd65e8c1407e5637d179b867cdf167', '黄震南', 1);
INSERT INTO `user` VALUES (21435, '29c70061f3b4875824251674b053fbcc', '李嘉伦', 1);
INSERT INTO `user` VALUES (21436, 'd77f74d9de62a25e3f033dd9c0e54e66', '韩璐', 1);
INSERT INTO `user` VALUES (21437, '62eec52a542d93df02c035e8ce629139', '方嘉伦', 1);
INSERT INTO `user` VALUES (21438, '2a2decab7c86261f1ceee113e7158f0f', '王宇宁', 1);
INSERT INTO `user` VALUES (21439, 'a6319d6f19d6dd6a9aee83643a6a3dec', '韩秀英', 1);
INSERT INTO `user` VALUES (21440, 'cf743592fafd526a439b035d9a6a47ec', '金致远', 1);
INSERT INTO `user` VALUES (21441, 'a52e7e16ddd5eeb9cad3dafd7b7b0450', '于子韬', 1);
INSERT INTO `user` VALUES (21442, 'adc7f4d3723b73b0dd6dc4a3bfd7c5ab', '谢宇宁', 1);
INSERT INTO `user` VALUES (21443, 'dbcb80d76150f1be85c3cbc0b1afc294', '韦子韬', 1);
INSERT INTO `user` VALUES (21444, '3bc13aa494e98a5ab502130553a11197', '孔安琪', 1);
INSERT INTO `user` VALUES (21445, '1f11ac5449e4869246d949bce59877b8', '任岚', 1);
INSERT INTO `user` VALUES (21446, 'c1334feeb11b0614a266279b1345b91c', '邱秀英', 1);
INSERT INTO `user` VALUES (21447, 'a881cb7d750ac08f85d4f71fde26068e', '丁詩涵', 1);
INSERT INTO `user` VALUES (21448, '8d3e70b65d999eb3c161b0daf8cdfbb5', '梁秀英', 1);
INSERT INTO `user` VALUES (21449, 'b9a0db68ca18dfb96ed836412c1da97d', '汪睿', 1);
INSERT INTO `user` VALUES (21450, 'bbfeb524ff81d4ecec7adb232b02a415', '熊詩涵', 1);
INSERT INTO `user` VALUES (21451, 'f782bb369a4fb0882b123515e73a664f', '江云熙', 1);
INSERT INTO `user` VALUES (21452, '781363b7f06f33858ec07e362c8c2dcd', '侯宇宁', 1);
INSERT INTO `user` VALUES (21453, '3dde905fd3067e1ce7eb2c090b954f52', '余秀英', 1);
INSERT INTO `user` VALUES (21454, '0cb7c5f3eefdfd5230bfd9982409a1e2', '许杰宏', 1);
INSERT INTO `user` VALUES (21455, '93f445ecd1f4db818349427ef1c3dc22', '曹嘉伦', 1);
INSERT INTO `user` VALUES (21456, '995123f118b0be6179f32002847212a8', '梁子韬', 1);
INSERT INTO `user` VALUES (21457, 'e84f64da821ffe18a2d61e7b27b01b24', '苏安琪', 1);
INSERT INTO `user` VALUES (21458, '8f4367c953a2a5e13d3b68c37902ad39', '陈震南', 1);
INSERT INTO `user` VALUES (21459, 'f82a1aa3a3f107ffc9bd992bc7fce99c', '姜詩涵', 1);
INSERT INTO `user` VALUES (21460, '94c58ed419c85aaab356015b7a436cf0', '沈杰宏', 1);
INSERT INTO `user` VALUES (21461, '5f99d0591613135b5abfa24b334b548b', '曹璐', 1);
INSERT INTO `user` VALUES (21462, '16df69753ab7a96cc5323f386a79ac49', '黎杰宏', 1);
INSERT INTO `user` VALUES (21463, 'ebc66e9d6d59750abc0ac08eab2b0cb7', '贾子韬', 1);
INSERT INTO `user` VALUES (21464, 'a04d41e12e940a7fb03b29a2af8d7ae5', '武震南', 1);
INSERT INTO `user` VALUES (21465, 'a5266d198f60f30883081f3d807b5605', '沈詩涵', 1);
INSERT INTO `user` VALUES (21466, '93b3af75bfe93c9b3bf790c1f259ebc9', '魏嘉伦', 1);
INSERT INTO `user` VALUES (21467, 'fb231ec291759c7283e1c243b485e55c', '袁睿', 1);
INSERT INTO `user` VALUES (21468, 'df08761fddb713a87f7caf7ef355c9e0', '于子韬', 1);
INSERT INTO `user` VALUES (21469, '549324b388f30cb5ed7fda469c2d0a1f', '尹嘉伦', 1);
INSERT INTO `user` VALUES (21470, '2390d152390c76964754d1cdaa44af81', '莫嘉伦', 1);
INSERT INTO `user` VALUES (21471, '3abcf77b81ef881277b84e8c932a5a1b', '曾子韬', 1);
INSERT INTO `user` VALUES (21472, '7ac1c93235e79fdb639d3a6eefa976bc', '吕杰宏', 1);
INSERT INTO `user` VALUES (21473, '1b2d0001076090566160df01f61f793e', '秦詩涵', 1);
INSERT INTO `user` VALUES (21474, 'c9f2b2972d37b31165c6bc1e98273906', '唐安琪', 1);
INSERT INTO `user` VALUES (21475, '63919840f15910d2b3a9578f6bd3c774', '贾子异', 1);
INSERT INTO `user` VALUES (21476, 'caa8c6705afa644c64cd60f558346045', '姚秀英', 1);
INSERT INTO `user` VALUES (21477, '6f3f7b22056203a56a0db9621cf41cf2', '秦睿', 1);
INSERT INTO `user` VALUES (21478, 'eaa0eb55fc7d67d78f4d2369bfa7bcb0', '任云熙', 1);
INSERT INTO `user` VALUES (21479, 'c6a0dd7dbd34cb7cb9d124eb91a48a92', '钟安琪', 1);
INSERT INTO `user` VALUES (21480, 'cec381a279aadaeb57c90c03975d8605', '许詩涵', 1);
INSERT INTO `user` VALUES (21481, '5a2f648dbd960edad7e1cd1f2ee070f7', '蔡秀英', 1);
INSERT INTO `user` VALUES (21482, '622c08e477f19c537a81f7ea82258029', '陆杰宏', 1);
INSERT INTO `user` VALUES (21483, 'e54753178b299c93a6fa0829881c7f41', '江致远', 1);
INSERT INTO `user` VALUES (21484, '17d137ca9c24457124e4c9a08094cb6e', '梁岚', 1);
INSERT INTO `user` VALUES (21485, '092ecb7769467948ac0ac5476b090ce4', '毛晓明', 1);
INSERT INTO `user` VALUES (21486, '4e56194bac1f7087670acb7d78cdc084', '史子韬', 1);
INSERT INTO `user` VALUES (21487, '2e64d71475cd50e4b60a29c56adca306', '贺子韬', 1);
INSERT INTO `user` VALUES (21488, '5b6d6365a123762f697f0ef1f92a9fe5', '吴云熙', 1);
INSERT INTO `user` VALUES (21489, '2d5af04a7dcd6dc40b9ebea0a0e021e2', '汤云熙', 1);
INSERT INTO `user` VALUES (21490, '247ae192972304ecbff5bce8d8073002', '邵晓明', 1);
INSERT INTO `user` VALUES (21491, 'cc1b293f39a9b10acc188f8cbd886373', '魏宇宁', 1);
INSERT INTO `user` VALUES (21492, 'dc87e0b6deab9d39dd15addd66950367', '段嘉伦', 1);
INSERT INTO `user` VALUES (21493, '25a71b1b96d6f56e564970962e1718f2', '傅睿', 1);
INSERT INTO `user` VALUES (21494, '1fec7532700393b4468d699ef01c7ebb', '苏秀英', 1);
INSERT INTO `user` VALUES (21495, 'a8645c2c1aa7bf37b75153d742b8190d', '彭秀英', 1);
INSERT INTO `user` VALUES (21496, 'f7425b84b49e1513e62f9041e908ba68', '田璐', 1);
INSERT INTO `user` VALUES (21497, 'c0ff5743938788b72bbc70de9bebbc67', '任安琪', 1);
INSERT INTO `user` VALUES (21498, 'c147147c0a032a9f466ed0c864352697', '黄秀英', 1);
INSERT INTO `user` VALUES (21499, '138898da121c5aac15aa3644fb8bdc43', '郝震南', 1);
INSERT INTO `user` VALUES (21500, 'f60b38bda8af086926bf518aa1ff4cdf', '林杰宏', 1);
INSERT INTO `user` VALUES (21501, '38f0766a615c7520b338cf9b145a7bb5', '尹宇宁', 1);
INSERT INTO `user` VALUES (21502, 'ab04adc29f95e402ae8e795ebac1e843', '潘子韬', 1);
INSERT INTO `user` VALUES (21503, '63097ef0f8576a5268a83f6e1ba5e4ee', '邱安琪', 1);
INSERT INTO `user` VALUES (21504, 'a0a1405613145eb93a2f505a1d8f8600', '姜岚', 1);
INSERT INTO `user` VALUES (21505, '740aa762296536c6bc983e0220986001', '胡子韬', 1);
INSERT INTO `user` VALUES (21506, '52dd2c86c08b55f8767fb5379321eaea', '朱岚', 1);
INSERT INTO `user` VALUES (21507, '50a41222d9da9b7273377d22d5a05531', '郝杰宏', 1);
INSERT INTO `user` VALUES (21508, 'da585dfa2fc8c03e53b3178f7a723caf', '汪震南', 1);
INSERT INTO `user` VALUES (21509, 'ac9f9bffeaad423c30845ffe842e5da8', '叶宇宁', 1);
INSERT INTO `user` VALUES (21510, '7c7f654b18768ff149c65119a6b6208a', '余璐', 1);
INSERT INTO `user` VALUES (21511, 'd85c67d19727528149230f66b4f5d89d', '潘睿', 1);
INSERT INTO `user` VALUES (21512, '2e562e2f254a011cf0ec275055cf7a2a', '许子韬', 1);
INSERT INTO `user` VALUES (21513, '3d99454403763df834215d5be2a56e1b', '赵致远', 1);
INSERT INTO `user` VALUES (21514, '58653e1c8ebea5a5ad25d80b18db769e', '陆璐', 1);
INSERT INTO `user` VALUES (21515, 'd372cb1d8e6079b30d0776947b50e69e', '萧致远', 1);
INSERT INTO `user` VALUES (21516, 'e13ac10e0dd4e6cc081c4899e42db289', '蔡杰宏', 1);
INSERT INTO `user` VALUES (21517, '7bcac83b8914a47cab03bd678fe4bfe0', '武宇宁', 1);
INSERT INTO `user` VALUES (21518, '6b40bdcabfad3cd3d204611bc0eb7b3c', '贺安琪', 1);
INSERT INTO `user` VALUES (21519, 'd62fd042bc1be089a8d213ecac7f2f16', '崔致远', 1);
INSERT INTO `user` VALUES (21520, '04a6da8ec15b9038dd49a30119fae9fb', '范震南', 1);
INSERT INTO `user` VALUES (21521, 'c8a6aa938a12cc1717e0c8329fce2c70', '向岚', 1);
INSERT INTO `user` VALUES (21522, '886356737e709f3c5719d490c9e02deb', '陈岚', 1);
INSERT INTO `user` VALUES (21523, '7367fe94e2c16161f939c5d4d8ae16dc', '任安琪', 1);
INSERT INTO `user` VALUES (21524, 'c5119f6a04448a46fd6f230c29ae1dde', '吴秀英', 1);
INSERT INTO `user` VALUES (21525, '3e1dcd9e560d309be7125d2495cbc049', '钟子韬', 1);
INSERT INTO `user` VALUES (21526, '44dd9b713564922a6c0f0f46d8d2187e', '黎安琪', 1);
INSERT INTO `user` VALUES (21527, '83a43e8efdbfae92400652cb6e1dbf8b', '侯杰宏', 1);
INSERT INTO `user` VALUES (21528, '86b9f0d0f34b83b51792f4afb4ccb3ba', '苏云熙', 1);
INSERT INTO `user` VALUES (21529, '1a165d83805dfa3fbe7c5bf98281af8d', '陶秀英', 1);
INSERT INTO `user` VALUES (21530, '6b7ce910c63101201be9ee1650ba85b9', '郭璐', 1);
INSERT INTO `user` VALUES (21531, '787af38fe619b483f114ae3372259482', '邱詩涵', 1);
INSERT INTO `user` VALUES (21532, '14d20e7ed9196fab1eaad5166980ebbd', '潘子韬', 1);
INSERT INTO `user` VALUES (21533, '20970fdc28795a5a066f290836e0f559', '熊岚', 1);
INSERT INTO `user` VALUES (21534, 'd85e4ea3a6a77c4f749101f39dd6a812', '唐致远', 1);
INSERT INTO `user` VALUES (21535, '050149db52458b2b2fb1b3b4c2e81d00', '向安琪', 1);
INSERT INTO `user` VALUES (21536, 'd782499236e5c21da6b492c02ef1a124', '常子韬', 1);
INSERT INTO `user` VALUES (21537, '472272553c01e784d9ec58e1afaf7f12', '顾子异', 1);
INSERT INTO `user` VALUES (21538, '371989b5944076a5fac6cba38beeef49', '莫秀英', 1);
INSERT INTO `user` VALUES (21539, '636d17239f56849ddecdeeb9f9a01a96', '程詩涵', 1);
INSERT INTO `user` VALUES (21540, '384376835fc325932a5a6209cb826d9a', '刘璐', 1);
INSERT INTO `user` VALUES (21541, 'ca19528567c0d9a80ce8153dd0e9d7b1', '唐詩涵', 1);
INSERT INTO `user` VALUES (21542, 'ea1b54395cd565fdc90b29bb9781513b', '李震南', 1);
INSERT INTO `user` VALUES (21543, '85e4c0745b12c03fae02f8d3a10525db', '任詩涵', 1);
INSERT INTO `user` VALUES (21544, 'c3222cde79367a176c32e97de66d220c', '钟子异', 1);
INSERT INTO `user` VALUES (21545, '8eeae13b1852e5367e371e7ae745d698', '钟安琪', 1);
INSERT INTO `user` VALUES (21546, '0ab0fe4022710a85db1f6aaa2cb6a97c', '孙岚', 1);
INSERT INTO `user` VALUES (21547, 'a5ec75be0adf28f072ced0fe5d265c5c', '钟杰宏', 1);
INSERT INTO `user` VALUES (21548, 'd9218341dca9f9fa6404a16b3b1d4676', '尹震南', 1);
INSERT INTO `user` VALUES (21549, '63c5dce0aa8d17b11cee0390a1ce27de', '王秀英', 1);
INSERT INTO `user` VALUES (21550, '67681bd766f61a16ad7b39b1fb0009ee', '郭安琪', 1);
INSERT INTO `user` VALUES (21551, 'cbca362d40d623cf79825dc9513a3876', '毛岚', 1);
INSERT INTO `user` VALUES (21552, '801cbb0c3d0a32fa777ff63725fa0ba6', '秦杰宏', 1);
INSERT INTO `user` VALUES (21553, '1881563a0619a735cccdd304cf3f505f', '孙致远', 1);
INSERT INTO `user` VALUES (21554, 'f3cbcb7c4739da2ea53e14b52a24456d', '杜子异', 1);
INSERT INTO `user` VALUES (21555, '4f40b601fbce58c11868dfec6d8e7dc5', '方睿', 1);
INSERT INTO `user` VALUES (21556, 'f5112d26c251a23e7c4c3c5936812e42', '邱詩涵', 1);
INSERT INTO `user` VALUES (21557, 'b87d8129d6d4177021b4395cadb2e0a1', '叶致远', 1);
INSERT INTO `user` VALUES (21558, '9eb94c7b7aad90e66f30e4485b6212bc', '高晓明', 1);
INSERT INTO `user` VALUES (21559, '0a47c3dd4c23393916bf80801faaae53', '崔致远', 1);
INSERT INTO `user` VALUES (21560, '1a67c650b181607d37b6d7455c93b7c9', '戴詩涵', 1);
INSERT INTO `user` VALUES (21561, '010e569d067876887198e3f92b2764fb', '卢安琪', 1);
INSERT INTO `user` VALUES (21562, '12106d30bec9d49cd498572c15816230', '马子异', 1);
INSERT INTO `user` VALUES (21563, '33b3310e1754782e3517bea4f2dfe0a7', '陶岚', 1);
INSERT INTO `user` VALUES (21564, '716f5c6ff8ff280476d32866d54834bd', '谭云熙', 1);
INSERT INTO `user` VALUES (21565, 'd4ad60e45ee7537fe393d883443d0dfb', '韦安琪', 1);
INSERT INTO `user` VALUES (21566, 'c097be0ed8feab0debc83f6ef0799c08', '龚云熙', 1);
INSERT INTO `user` VALUES (21567, 'a24ea3cd3cad1e1b37e3eca24b80548b', '莫秀英', 1);
INSERT INTO `user` VALUES (21568, 'f3a79f12b6dc17d12cc3539f313666b7', '邓睿', 1);
INSERT INTO `user` VALUES (21569, 'd7e1c9d5d7544fd7339bbffa15f0b1ac', '潘秀英', 1);
INSERT INTO `user` VALUES (21570, '27dd1f99cb1ba36694715ef91fdc3400', '钱震南', 1);
INSERT INTO `user` VALUES (21571, '184c6ecd7a868acecd535c598df8f7c1', '谭睿', 1);
INSERT INTO `user` VALUES (21572, '9a5bb9fabce8867c811112e045d5d272', '邓宇宁', 1);
INSERT INTO `user` VALUES (21573, 'c4e47181724963d8b076451b404949df', '梁宇宁', 1);
INSERT INTO `user` VALUES (21574, '43318839df57e07cd32a54e3445d85f7', '严秀英', 1);
INSERT INTO `user` VALUES (21575, '146c1398f0d33a4d8bea876af808213c', '卢震南', 1);
INSERT INTO `user` VALUES (21576, 'e9a59c6fcab16725ce862c78d3a32bcc', '于致远', 1);
INSERT INTO `user` VALUES (21577, 'cb1d12d6e330ec03042663278dbe4327', '宋秀英', 1);
INSERT INTO `user` VALUES (21578, 'a6aaa49ef9cff8348f3d43f9511dcd07', '龚秀英', 1);
INSERT INTO `user` VALUES (21579, '1a43292b37219e9787bed71cdbe9e288', '方子异', 1);
INSERT INTO `user` VALUES (21580, 'e5b59a41098bada9d0f37f6a0e4bb821', '毛秀英', 1);
INSERT INTO `user` VALUES (21581, 'a12483dfae8be5f88c3d442828bdea08', '刘震南', 1);
INSERT INTO `user` VALUES (21582, 'f33663c0dcfa411ee04563cc3a2e1389', '吴璐', 1);
INSERT INTO `user` VALUES (21583, 'd2ec2ae6baff155bdeed3ffeb8a560dc', '沈子韬', 1);
INSERT INTO `user` VALUES (21584, 'aa0b092c6680f2010431b29e7f103a35', '夏杰宏', 1);
INSERT INTO `user` VALUES (21585, '7f0e8e605012b14307ed377305ebff6c', '邓云熙', 1);
INSERT INTO `user` VALUES (21586, '70b887608d39a3b45da2dc31021d94c8', '叶晓明', 1);
INSERT INTO `user` VALUES (21587, '92d2178b9c32085e2d22af8edac5be9d', '段云熙', 1);
INSERT INTO `user` VALUES (21588, '15400ad354671b73fe6f1b918c77006b', '陆子韬', 1);
INSERT INTO `user` VALUES (21589, 'efaa9ebe481208b7089796b8335305cf', '田安琪', 1);
INSERT INTO `user` VALUES (21590, '9eb7a5491bfdbcb3a877fad636849602', '廖晓明', 1);
INSERT INTO `user` VALUES (21591, 'efc55a07c5331ff20f079186e66d292a', '陆秀英', 1);
INSERT INTO `user` VALUES (21592, '8718aa553c0cba10d98d48ff310a0ee7', '曹子异', 1);
INSERT INTO `user` VALUES (21593, 'c8334e40a321b979da8502bc93b55135', '李璐', 1);
INSERT INTO `user` VALUES (21594, '7a973c6050c9c1565e2ac3c98d180667', '姚詩涵', 1);
INSERT INTO `user` VALUES (21595, '416e9751c3ab97379ceb2c16aad16aa7', '胡璐', 1);
INSERT INTO `user` VALUES (21596, 'e00acff4eec6a690facb6ee726c190bf', '阎震南', 1);
INSERT INTO `user` VALUES (21597, 'eba7f49a07dfd2bc922c5ad033573642', '吴安琪', 1);
INSERT INTO `user` VALUES (21598, '95dc7fa045387fdccb71453cd1a0df5a', '龚子韬', 1);
INSERT INTO `user` VALUES (21599, '5d86c2f0b7f4cce88c866107e3080dca', '丁詩涵', 1);
INSERT INTO `user` VALUES (21600, '22125332637e342569def39f0a8c8982', '薛璐', 1);
INSERT INTO `user` VALUES (21601, 'fae5672fd3dc355e10c263fbdcbc969d', '余晓明', 1);
INSERT INTO `user` VALUES (21602, 'c0a49ed16fa08cecc0400bc9bac435e2', '马睿', 1);
INSERT INTO `user` VALUES (21603, '7f325fc57adc9fc663ee2df1f8988b83', '胡睿', 1);
INSERT INTO `user` VALUES (21604, '7cf8f6ea8d84acc8ce9f5d5d4a686a6f', '江杰宏', 1);
INSERT INTO `user` VALUES (21605, 'd159d19ebaa916b0462c7fb8e9b16007', '石致远', 1);
INSERT INTO `user` VALUES (21606, '83bfb8ffd336cecdd327f02c45290776', '郝詩涵', 1);
INSERT INTO `user` VALUES (21607, 'b055d3b40d4c557bd2dc740de507f019', '卢子异', 1);
INSERT INTO `user` VALUES (21608, '74fb8ccdbf000c0a29f86c06ffd70835', '赵震南', 1);
INSERT INTO `user` VALUES (21609, '8e0326168c99c1c96e63aa166ef8f020', '林子异', 1);
INSERT INTO `user` VALUES (21610, 'cc573aa91c5e17fc81f60f4d70c0d91d', '田睿', 1);
INSERT INTO `user` VALUES (21611, 'c40439f6f9b78d4ef65867395f2d8e72', '夏震南', 1);
INSERT INTO `user` VALUES (21612, '6f41af26a885313eefbfc29cb7d0ab18', '孙安琪', 1);
INSERT INTO `user` VALUES (21613, 'ed9b666f98d78b67856358d245b45d02', '陆睿', 1);
INSERT INTO `user` VALUES (21614, 'f7168fac2340eb184a038d12b89b23f8', '夏睿', 1);
INSERT INTO `user` VALUES (21615, 'ffbc43243448ab24e89381626445ec82', '陆睿', 1);
INSERT INTO `user` VALUES (21616, '95acc936b62d87537051223b2b60d26b', '贺睿', 1);
INSERT INTO `user` VALUES (21617, '7fab4c416fb419c7de1234dfa6164c7d', '熊震南', 1);
INSERT INTO `user` VALUES (21618, 'e16348ce4cc5313c5c4bd0b72c24edb0', '胡子异', 1);
INSERT INTO `user` VALUES (21619, '772c512ed798a8100d7aa918766e7b90', '宋安琪', 1);
INSERT INTO `user` VALUES (21620, '8bffb0417f3b55170199b0ac0215a30e', '彭詩涵', 1);
INSERT INTO `user` VALUES (21621, '850b27c5840968b00950f9e46c51e1e4', '刘致远', 1);
INSERT INTO `user` VALUES (21622, 'e6c86e740c8a19c3eefc00cc32f14b48', '彭岚', 1);
INSERT INTO `user` VALUES (21623, '9cd5fc202c016439cbceec719d9e29af', '谢晓明', 1);
INSERT INTO `user` VALUES (21624, '21c5001fca0b9e73578db22d97c4aa9f', '罗宇宁', 1);
INSERT INTO `user` VALUES (21625, 'e895090b60e96cd569d66152b4f56323', '邱云熙', 1);
INSERT INTO `user` VALUES (21626, '62ad803ff1b85237173af3321fb03e38', '秦嘉伦', 1);
INSERT INTO `user` VALUES (21627, '768214c2b1d04a94f285a8afa993579e', '沈秀英', 1);
INSERT INTO `user` VALUES (21628, '3db2955986bab36456d4148669772fee', '任詩涵', 1);
INSERT INTO `user` VALUES (21629, '779daf64564a0a32281e88b64428026e', '蒋璐', 1);
INSERT INTO `user` VALUES (21630, 'b1ae8decf2f5c3f05a96b95a77a34433', '许晓明', 1);
INSERT INTO `user` VALUES (21631, 'b99e0191fbcca8144297eac9c4201950', '曾子韬', 1);
INSERT INTO `user` VALUES (21632, '53c057a1fd5f908a927b603dfdbdf8ab', '谢睿', 1);
INSERT INTO `user` VALUES (21633, '0eff07d2ed3b43cfd48e35216b63100d', '武云熙', 1);
INSERT INTO `user` VALUES (21634, '2109c899e9b935f8ef4409a8bbdb9057', '杨晓明', 1);
INSERT INTO `user` VALUES (21635, 'df388fa622b569bf0566e03651d38a3e', '熊睿', 1);
INSERT INTO `user` VALUES (21636, 'ea489e8f44efa85b66a09f68b598daea', '龙詩涵', 1);
INSERT INTO `user` VALUES (21637, '8164c0a97fcd8e5831399cefed21630c', '傅睿', 1);
INSERT INTO `user` VALUES (21638, '11d62b9382b8b2996f086b991947cc60', '韦致远', 1);
INSERT INTO `user` VALUES (21639, '284ee1a982588b7defb9f6174396e0f3', '梁安琪', 1);
INSERT INTO `user` VALUES (21640, '02c0db33b4bf6d5d6ba3e1d969d409da', '郑子韬', 1);
INSERT INTO `user` VALUES (21641, '636e2037fe04e9e4ac59fa66530c2e34', '金子异', 1);
INSERT INTO `user` VALUES (21642, '48dbbaeb294629b06a12514cd73ec926', '王子韬', 1);
INSERT INTO `user` VALUES (21643, 'c1f13b03dfc80455f53a868157733ccb', '赵詩涵', 1);
INSERT INTO `user` VALUES (21644, '8f9a518342e6b69a8dfdca2f4257fb2d', '史震南', 1);
INSERT INTO `user` VALUES (21645, '39d8b01ff8c1716ab63a5d9dee42aaee', '姚云熙', 1);
INSERT INTO `user` VALUES (21646, '3e2b8aef2ff22652aff4cdb5653cae42', '朱睿', 1);
INSERT INTO `user` VALUES (21647, '5f66aa0913b269c069daf8eb5924eae5', '史宇宁', 1);
INSERT INTO `user` VALUES (21648, 'e50ea540d862f6b0c3f275fb6123153a', '韩致远', 1);
INSERT INTO `user` VALUES (21649, 'e2c6cb27f19ef4596e8fa1ac8af8d598', '张安琪', 1);
INSERT INTO `user` VALUES (21650, '4f04bdf574cd10a53de70b8267bb7cff', '邹子韬', 1);
INSERT INTO `user` VALUES (21651, '8b7ea59cbd6e5c745d2a7dd0c10123a1', '夏致远', 1);
INSERT INTO `user` VALUES (21652, 'f6dbca023fe155e7894209a565d9be5c', '顾致远', 1);
INSERT INTO `user` VALUES (21653, '037f5adfca5489b8be20302e35bd4797', '孟杰宏', 1);
INSERT INTO `user` VALUES (21654, '356694fe7a1499bab4ce0b53e17d88f7', '马子韬', 1);
INSERT INTO `user` VALUES (21655, '5293712780b4254a95b014049e51057b', '黎云熙', 1);
INSERT INTO `user` VALUES (21656, 'd513fcb7b47021c3b7889af1e46aaa49', '常安琪', 1);
INSERT INTO `user` VALUES (21657, '3f1423c1fc7e140ce4f47a16727288bb', '马宇宁', 1);
INSERT INTO `user` VALUES (21658, 'f1e443adc68c1b57b648c61aa00b5823', '戴岚', 1);
INSERT INTO `user` VALUES (21659, 'ea36cfa05699617d1ab4aa785910fc32', '胡晓明', 1);
INSERT INTO `user` VALUES (21660, '4d1a5ca8fe35ef9568c7936debc6d96e', '向致远', 1);
INSERT INTO `user` VALUES (21661, '8104d5a10dcd0be6becc20a88b4687d5', '吕安琪', 1);
INSERT INTO `user` VALUES (21662, 'fbcc068a9601f2e553feaeb147ed0af7', '罗杰宏', 1);
INSERT INTO `user` VALUES (21663, '45217e9542f6baf0d995c1a36f473dd8', '彭璐', 1);
INSERT INTO `user` VALUES (21664, '61f68ef1d1a146cce66d4cfb4cf9fa5c', '吕子异', 1);
INSERT INTO `user` VALUES (21665, '9583aa61620b671944f2788c6ddd4a8f', '徐子异', 1);
INSERT INTO `user` VALUES (21666, '7e96dc3b25680f6d77bc4a06886f9d88', '毛秀英', 1);
INSERT INTO `user` VALUES (21667, 'df3b88e43835e34723797bccf90e05ae', '贺震南', 1);
INSERT INTO `user` VALUES (21668, '9353f61c70c2e41e3b7b06331a0a44a0', '范嘉伦', 1);
INSERT INTO `user` VALUES (21669, '9ec566365f5ca32fa3dfb623feaf35a9', '曹致远', 1);
INSERT INTO `user` VALUES (21670, '32b05976df1abde832ed9bc47e0d2ace', '任詩涵', 1);
INSERT INTO `user` VALUES (21671, '4639a9fb0c230bccf4a7bac7ac03a711', '薛璐', 1);
INSERT INTO `user` VALUES (21672, 'b4c5f660256512bbcd09f65e9213e7d1', '梁致远', 1);
INSERT INTO `user` VALUES (21673, '1af8ab736a659f5c60e64a6eda119808', '马安琪', 1);
INSERT INTO `user` VALUES (21674, 'e11ecd84e0d79d21705fb4e3931d243d', '蒋晓明', 1);
INSERT INTO `user` VALUES (21675, '98115de4b299f7858119a46460ba12c4', '贾震南', 1);
INSERT INTO `user` VALUES (21676, '2b2c2b03063dcc7608910aa6e2efb2c6', '龙晓明', 1);
INSERT INTO `user` VALUES (21677, 'bb635a195e706b0c144ca7add0eee5fc', '莫秀英', 1);
INSERT INTO `user` VALUES (21678, '2d7311098f2492cdfcd8afb1f93d35c3', '汤秀英', 1);
INSERT INTO `user` VALUES (21679, 'a80c6a046394545a7fccc70187557034', '范睿', 1);
INSERT INTO `user` VALUES (21680, 'dff2b8fc1dfff4b95f6158f2ba0c32e2', '沈杰宏', 1);
INSERT INTO `user` VALUES (21681, '31aa75a8fd80736c7379bdecb91c1669', '杨璐', 1);
INSERT INTO `user` VALUES (21682, '1faa3bcb90f1aacfac5b92c2067df220', '吕晓明', 1);
INSERT INTO `user` VALUES (21683, '5e59791a1f4fe66a447b1622a842deb4', '余詩涵', 1);
INSERT INTO `user` VALUES (21684, 'ddf103806bbdb4f63855084add943340', '石宇宁', 1);
INSERT INTO `user` VALUES (21685, '95b584556e4cde9ca27298bce315c2bf', '孟震南', 1);
INSERT INTO `user` VALUES (21686, '97a02dd9adb537199b0e725157b0c8dd', '陈詩涵', 1);
INSERT INTO `user` VALUES (21687, 'bfa35d5f3216eeae0272d677b561d9ad', '蔡云熙', 1);
INSERT INTO `user` VALUES (21688, '9664fddb72f4160f2e3e0be407fb2aaa', '邵秀英', 1);
INSERT INTO `user` VALUES (21689, '2e445b5b2e4f8b723fa691fefbc3aa4a', '廖安琪', 1);
INSERT INTO `user` VALUES (21690, '3c0f63bcc6b668be94e5247ee5026fd0', '卢宇宁', 1);
INSERT INTO `user` VALUES (21691, '62c04767faf063dd5745faf7f2c73cc0', '任璐', 1);
INSERT INTO `user` VALUES (21692, 'f5d10790a2904b9c87f1eada2db49615', '范云熙', 1);
INSERT INTO `user` VALUES (21693, '22fe20ecddd9bdf9a21cca26d3601d4c', '彭秀英', 1);
INSERT INTO `user` VALUES (21694, 'cb45d5b091f7817a1976299f4e177e7c', '林岚', 1);
INSERT INTO `user` VALUES (21695, 'bd67d54bc3af595286c2d565f4281f0f', '姜睿', 1);
INSERT INTO `user` VALUES (21696, '32bdf087986ca07ee86af9e7018a9454', '徐子韬', 1);
INSERT INTO `user` VALUES (21697, '2565bffa2f6ebe1902e16da4f9ed8b00', '于子韬', 1);
INSERT INTO `user` VALUES (21698, '1fcf2ed9a8f4dd5a2a02b11f0d0225fe', '蒋嘉伦', 1);
INSERT INTO `user` VALUES (21699, 'c40886d97858dc7b5f7162808a44f610', '唐震南', 1);
INSERT INTO `user` VALUES (21700, '3a72427df4571cc86bace8f56ea4c32f', '孙璐', 1);
INSERT INTO `user` VALUES (21701, '859b4ab197e1dec34f3a117cb4f4a534', '向子异', 1);
INSERT INTO `user` VALUES (21702, '022dce8a4d4bb3ede3960a835cfd9af3', '戴晓明', 1);
INSERT INTO `user` VALUES (21703, '2101c1781e882fb9cba169aef6af6e85', '胡睿', 1);
INSERT INTO `user` VALUES (21704, '943f95cb9a1293b22bf8b335a8d2fa08', '罗晓明', 1);
INSERT INTO `user` VALUES (21705, '0651e1fa4488b51ccfba31fe089c80ff', '侯晓明', 1);
INSERT INTO `user` VALUES (21706, '1fdb52a8e9dbbbe812a06614d477da97', '雷嘉伦', 1);
INSERT INTO `user` VALUES (21707, '59207c23b5f58e8d9876b908f3aa14c9', '段嘉伦', 1);
INSERT INTO `user` VALUES (21708, 'e6498e4d73b305098e77224b8aeb64c9', '丁云熙', 1);
INSERT INTO `user` VALUES (21709, '2f2ec1e3f0cfb5fbe89a780740f6ac8d', '余子韬', 1);
INSERT INTO `user` VALUES (21710, '37608f452de57f7106f50eb30278f006', '吴睿', 1);
INSERT INTO `user` VALUES (21711, '0f3c895b7c28465c3c71927d2c461f4e', '孟晓明', 1);
INSERT INTO `user` VALUES (21712, 'ddfc95ffa0c7991b44ad336b96023848', '朱晓明', 1);
INSERT INTO `user` VALUES (21713, '15935a84f53d716332dfbaac6cca748d', '常安琪', 1);
INSERT INTO `user` VALUES (21714, '6e1468786337bfb7da75cdf4860007b5', '吕璐', 1);
INSERT INTO `user` VALUES (21715, 'a1a33cc44f13708aa0566fa0baff721c', '陆震南', 1);
INSERT INTO `user` VALUES (21716, '4259640f0eb154ca594343871ecbd55c', '魏睿', 1);
INSERT INTO `user` VALUES (21717, '3422b17e409bf92766c97e6e4d863169', '常宇宁', 1);
INSERT INTO `user` VALUES (21718, '7c6ee43af1694848844e6db013b66427', '汪子异', 1);
INSERT INTO `user` VALUES (21719, '9141b25d3f4e65c17410a10be9c441fc', '曹璐', 1);
INSERT INTO `user` VALUES (21720, 'cca57a63179f49a11f2d8fb3dd532e0f', '李云熙', 1);
INSERT INTO `user` VALUES (21721, '6b8cec2fd0f6c48534aeb271ad359255', '何震南', 1);
INSERT INTO `user` VALUES (21722, 'a3981433a2d69ad763e4ee10f19382bf', '江岚', 1);
INSERT INTO `user` VALUES (21723, '167ee13f996d29c9f72228bfa1a0eb1e', '邱晓明', 1);
INSERT INTO `user` VALUES (21724, 'd3287ebbc6d073319ed8ecba78708354', '贾致远', 1);
INSERT INTO `user` VALUES (21725, '0c35abd5db116ee0902815ded296701f', '苏杰宏', 1);
INSERT INTO `user` VALUES (21726, '7eb4127c3f28f738fd92c7e38f1728d0', '谭睿', 1);
INSERT INTO `user` VALUES (21727, '4480d8d9d0d404831b3eab52c992ef72', '崔秀英', 1);
INSERT INTO `user` VALUES (21728, '484882144805feee3e7dcde99a8d1561', '黄子异', 1);
INSERT INTO `user` VALUES (21729, '5eec5591c077767ee20fc1e64e3adbc3', '邱岚', 1);
INSERT INTO `user` VALUES (21730, 'c67edb3b1056f5f9016b9a420d052ac2', '韩宇宁', 1);
INSERT INTO `user` VALUES (21731, 'f5ca218985d7e8b3e5b541a8c60357d4', '卢杰宏', 1);
INSERT INTO `user` VALUES (21732, 'e86e0e4fd13f6dec0ede2f96f2a52f7c', '陈岚', 1);
INSERT INTO `user` VALUES (21733, '60653dffe100e5a9cac89877921e7e5a', '谭嘉伦', 1);
INSERT INTO `user` VALUES (21734, '48c879458b3df548003a20685bb6cf24', '谢宇宁', 1);
INSERT INTO `user` VALUES (21735, 'c563f01ab6ca0350f78cf2e3e126bb42', '邹嘉伦', 1);
INSERT INTO `user` VALUES (21736, 'e6efbac34f6e0b9dd6b1efb1ca5e5ce2', '石杰宏', 1);
INSERT INTO `user` VALUES (21737, 'ea904199ed3c6e554964aa0db583cb53', '薛璐', 1);
INSERT INTO `user` VALUES (21738, '6f3a795bf8a1201204c2496e0735f6c6', '史子异', 1);
INSERT INTO `user` VALUES (21739, '1c035ce51dabdb2c74d23aff31a5b849', '秦詩涵', 1);
INSERT INTO `user` VALUES (21740, 'b753947e51bf6232ed0d94940477dd99', '赵致远', 1);
INSERT INTO `user` VALUES (21741, 'fde85e616a5e890dd7557d81402e53b4', '段璐', 1);
INSERT INTO `user` VALUES (21742, '29f190f7a62d658fee6df4ad4a14ca04', '陶秀英', 1);
INSERT INTO `user` VALUES (21743, 'afef851c6a184f2881fc1e5c59623ab9', '孟詩涵', 1);
INSERT INTO `user` VALUES (21744, '569c29ea4b85377a7bd442e5d7d37443', '叶震南', 1);
INSERT INTO `user` VALUES (21745, 'c32ecf07ab6486d190a77cfc6766404f', '薛宇宁', 1);
INSERT INTO `user` VALUES (21746, '6970e4a9e78c722ac7c94a1b87182732', '董詩涵', 1);
INSERT INTO `user` VALUES (21747, 'b169e4a707ae495867e2d8b225deb56b', '顾宇宁', 1);
INSERT INTO `user` VALUES (21748, '9a1b09448aec1e2644c93d8c62166616', '薛宇宁', 1);
INSERT INTO `user` VALUES (21749, '144406f36c89bb520d40c63e746d6038', '黄璐', 1);
INSERT INTO `user` VALUES (21750, '246784737f56561edcc450c7b72c69b6', '袁璐', 1);
INSERT INTO `user` VALUES (21751, '53e7e9a2cace524047c5c9b0d31bf198', '邹璐', 1);
INSERT INTO `user` VALUES (21752, '8af5274c9d92cefb1647175d2083ec3e', '叶嘉伦', 1);
INSERT INTO `user` VALUES (21753, 'a3650ce90265fe775b1300f85caf289f', '周子异', 1);
INSERT INTO `user` VALUES (21754, '1b0c7176d1f2bd40e4060cfe9892bb1a', '袁宇宁', 1);
INSERT INTO `user` VALUES (21755, '0260e497a54f4285475d7932dcedaec9', '向岚', 1);
INSERT INTO `user` VALUES (21756, '443f34e6d68ce4ed01757a2c93ef41a8', '段晓明', 1);
INSERT INTO `user` VALUES (21757, '658e6183f0f89c518c047fae7d5f39fe', '邹璐', 1);
INSERT INTO `user` VALUES (21758, '7049584c14c4a77680230c5f9f03b66a', '郑安琪', 1);
INSERT INTO `user` VALUES (21759, '06a801680c9f1970facbc262542183d8', '方杰宏', 1);
INSERT INTO `user` VALUES (21760, '165573e67e80f41a314e365f82d145d5', '于杰宏', 1);
INSERT INTO `user` VALUES (21761, '326696bcceb17e019b2fa48f7d08f60c', '梁嘉伦', 1);
INSERT INTO `user` VALUES (21762, '5e89ff327e146fb83c360c20ae73aa68', '戴安琪', 1);
INSERT INTO `user` VALUES (21763, '5ef09e43a0f2324aaaf5e28830a79b2c', '钱宇宁', 1);
INSERT INTO `user` VALUES (21764, 'f4f2d709ebc864180f28a9dacb92a455', '邹詩涵', 1);
INSERT INTO `user` VALUES (21765, 'a5ac1f2bb7ffdaf17cbf4133f1160f94', '梁子韬', 1);
INSERT INTO `user` VALUES (21766, 'e0bb020ed431a97c1eb5b9b6e01b7520', '于詩涵', 1);
INSERT INTO `user` VALUES (21767, 'dd5ea5dfa7c7fa91623cb3588fcadad0', '秦杰宏', 1);
INSERT INTO `user` VALUES (21768, '54d3ec241087522c051c81b83fa4fdae', '萧震南', 1);
INSERT INTO `user` VALUES (21769, '454e46fe69c69765e8decd5d621042cc', '姜秀英', 1);
INSERT INTO `user` VALUES (21770, '9fb270c45f14cacd61123b1730e8de46', '韦宇宁', 1);
INSERT INTO `user` VALUES (21771, '68895c2c3056773c36286fcb976108d0', '黄岚', 1);
INSERT INTO `user` VALUES (21772, '5cb0e70ca50937102e78fea90e9763d4', '邱子韬', 1);
INSERT INTO `user` VALUES (21773, '2b9c395285c9fce730eb959ef369b6a1', '黄嘉伦', 1);
INSERT INTO `user` VALUES (21774, 'a90c5442a0dadf69256d4731f421d60f', '汤云熙', 1);
INSERT INTO `user` VALUES (21775, '2afb46021679cc7fb792cfa673c96093', '向秀英', 1);
INSERT INTO `user` VALUES (21776, 'd07b15802d5e75266b8263829db2a23d', '蒋秀英', 1);
INSERT INTO `user` VALUES (21777, '3f557b1aafa14306b43261738ce715dc', '徐晓明', 1);
INSERT INTO `user` VALUES (21778, 'cbd65a140eee5f01af9fb1028f408bfd', '梁震南', 1);
INSERT INTO `user` VALUES (21779, '9b1b9a76d79e2b158123261103a1058a', '赵晓明', 1);
INSERT INTO `user` VALUES (21780, '59827e8402284ccd2c13082e98dbcd60', '薛嘉伦', 1);
INSERT INTO `user` VALUES (21781, '7d396382d96018f091f8f42022af22cc', '曹子韬', 1);
INSERT INTO `user` VALUES (21782, 'b900b7d508af8f58dffbc3d0ad6c22f5', '侯晓明', 1);
INSERT INTO `user` VALUES (21783, 'bba01a83274b6a2191180b357e5776b3', '郑致远', 1);
INSERT INTO `user` VALUES (21784, '45e0065b57238f75c0ac026d14698d39', '汪詩涵', 1);
INSERT INTO `user` VALUES (21785, '294e999befde0c043581dd4295d541e5', '杜云熙', 1);
INSERT INTO `user` VALUES (21786, 'eb25eebdcfaccb5894c9e15946e3bcec', '杨璐', 1);
INSERT INTO `user` VALUES (21787, '06ffe5c83b01a009e547ef5bac32dcf4', '何子韬', 1);
INSERT INTO `user` VALUES (21788, 'c7984ef4f5165b5a245f33e9d76393d7', '郑岚', 1);
INSERT INTO `user` VALUES (21789, '74d9685efe789f870c151824e6bd9729', '曾子异', 1);
INSERT INTO `user` VALUES (21790, 'd80a6f165206930c43ab5afa9fc5b00c', '姜震南', 1);
INSERT INTO `user` VALUES (21791, '7fbba70092f01d478313a4bf63627b5c', '范子韬', 1);
INSERT INTO `user` VALUES (21792, 'd680b17bd0fd332b77e8cbc51d605c9c', '谢云熙', 1);
INSERT INTO `user` VALUES (21793, '436af1ac31c9c208276222fd9c421389', '陶璐', 1);
INSERT INTO `user` VALUES (21794, '700e38099e2080e68f3706fce4213165', '钱睿', 1);
INSERT INTO `user` VALUES (21795, 'd389ac7fb08f29af7bbfd8d133b72cbe', '谢致远', 1);
INSERT INTO `user` VALUES (21796, 'e5220a19ee002ffdea7679411bf5c325', '邵安琪', 1);
INSERT INTO `user` VALUES (21797, '75b9bd695a517ea0599c3757eee673a8', '杜安琪', 1);
INSERT INTO `user` VALUES (21798, 'bf9a8160c6316d87cf45a6ee50ab3857', '武安琪', 1);
INSERT INTO `user` VALUES (21799, '55bd2a56f5f8561b91212a27556887f9', '邵晓明', 1);
INSERT INTO `user` VALUES (21800, '2cb1941ae2f1b7b1e2b0858a41b0e876', '阎晓明', 1);
INSERT INTO `user` VALUES (21801, '0e0d15efe8968eb312b67286fbe075aa', '崔詩涵', 1);
INSERT INTO `user` VALUES (21802, '3ca9a5d7afdfc88cd35f4bcc3259748a', '宋震南', 1);
INSERT INTO `user` VALUES (21803, '5a1826fd778b2f57922beb885723fb67', '卢安琪', 1);
INSERT INTO `user` VALUES (21804, '2374b77126ef5fd34fee8d0f5cbed0e0', '向睿', 1);
INSERT INTO `user` VALUES (21805, 'e52528c85f8a7a68e2f83b93a032b965', '郝致远', 1);
INSERT INTO `user` VALUES (21806, '6a89a9f2515aa17da5c5b4b666be24fb', '高杰宏', 1);
INSERT INTO `user` VALUES (21807, '1c216655ae0267ee3f77f67165fdc744', '崔子韬', 1);
INSERT INTO `user` VALUES (21808, '806f4349cbd2f8831b18b28a3b09d300', '严宇宁', 1);
INSERT INTO `user` VALUES (21809, 'f05ad99c21ba3755e63b4f948a0fa7bc', '王杰宏', 1);
INSERT INTO `user` VALUES (21810, 'b0ba5d1517787b5ba4d128c0e3918753', '钟致远', 1);
INSERT INTO `user` VALUES (21811, '94e152a9da9ce4988c87b86d06dc9afd', '贾嘉伦', 1);
INSERT INTO `user` VALUES (21812, '995efe688cf1f30b17c40eade214da09', '汪致远', 1);
INSERT INTO `user` VALUES (21813, '5d0236a4544392c366dd72510f53d9dc', '汪睿', 1);
INSERT INTO `user` VALUES (21814, '54cca3bd4dee75a5ca8f26705734eac5', '卢岚', 1);
INSERT INTO `user` VALUES (21815, 'a7bb25a0a92d326b36a3c079b87d1390', '龙睿', 1);
INSERT INTO `user` VALUES (21816, 'cdd8e387966a0b95084aeb1b7b54d9cd', '袁致远', 1);
INSERT INTO `user` VALUES (21817, 'f93e9422619a65bf0a8f7d03894d0061', '毛璐', 1);
INSERT INTO `user` VALUES (21818, '89d58103239aa2f4a680365970e76dc2', '罗嘉伦', 1);
INSERT INTO `user` VALUES (21819, 'e44a18495352f0e841a388f85b16d16c', '龙秀英', 1);
INSERT INTO `user` VALUES (21820, '3630799a7c4def6e1cc3224e460f48b9', '陈云熙', 1);
INSERT INTO `user` VALUES (21821, '92c696bab2978dc56f744b5902695065', '顾杰宏', 1);
INSERT INTO `user` VALUES (21822, '844b5800f3464728bd3e3e5b93c0481c', '陈震南', 1);
INSERT INTO `user` VALUES (21823, '12fc9b4f5b4ba10cd218c1f9f7042477', '夏嘉伦', 1);
INSERT INTO `user` VALUES (21824, 'de5c3d079aa3f39be57de10158d9c7b3', '段致远', 1);
INSERT INTO `user` VALUES (21825, 'a391eb4eaa0cb4f61773ede6cd106536', '廖安琪', 1);
INSERT INTO `user` VALUES (21826, '9878175f9ab1af8456e3cfb54140a113', '宋宇宁', 1);
INSERT INTO `user` VALUES (21827, '88366ad07f3f9ae29c2b5c2cb9955f46', '黄嘉伦', 1);
INSERT INTO `user` VALUES (21828, 'dd0daaa8ebb71a45084f16a5624edc74', '戴岚', 1);
INSERT INTO `user` VALUES (21829, 'e8e06ba3b7113d123c10ee1a6032ca85', '方睿', 1);
INSERT INTO `user` VALUES (21830, '8e71ca9d8f1c8d520a717639dd2820a2', '邵子异', 1);
INSERT INTO `user` VALUES (21831, '3234ad550020ff9216aecee7e2cd6818', '卢璐', 1);
INSERT INTO `user` VALUES (21832, '5e7eb7051af0fea4906bbe06f3b35521', '董秀英', 1);
INSERT INTO `user` VALUES (21833, '2e372504791a06d873f22687517cb4a3', '林璐', 1);
INSERT INTO `user` VALUES (21834, '6b04e89c2296df4ab879914978624920', '段睿', 1);
INSERT INTO `user` VALUES (21835, '86d69a6ea4f5ec03739dc84c60254dc6', '任宇宁', 1);
INSERT INTO `user` VALUES (21836, 'd2d7f57c3deab975cbc55fc5dfedbe9b', '陆宇宁', 1);
INSERT INTO `user` VALUES (21837, 'f09ae752a7af92ee825d9f37ebde2d7e', '任云熙', 1);
INSERT INTO `user` VALUES (21838, 'fb544482ca2b9668c833afaad1407a78', '董宇宁', 1);
INSERT INTO `user` VALUES (21839, '182c9496543ff128cdc078e76b2fcb74', '吕秀英', 1);
INSERT INTO `user` VALUES (21840, 'e99ebb0fda3f64dc2f653c00bfb34bf7', '陆秀英', 1);
INSERT INTO `user` VALUES (21841, '04c92aa2c846ec4e0f3a5ed3bdfbe948', '向璐', 1);
INSERT INTO `user` VALUES (21842, 'c7390a6516fd3f4b6cf942c4ef861cd1', '袁子韬', 1);
INSERT INTO `user` VALUES (21843, 'a8280b896b9dc5a3a548f576187e9fb6', '钱睿', 1);
INSERT INTO `user` VALUES (21844, '617246bb40a75b8868a6c98de5fd53bc', '江晓明', 1);
INSERT INTO `user` VALUES (21845, '6408a59f2468df7936de2cb053e46267', '田致远', 1);
INSERT INTO `user` VALUES (21846, '0f34a20d3da15e4bf95f9f408cae44dd', '谢璐', 1);
INSERT INTO `user` VALUES (21847, '19b05d1912f06ca189c413841528dc57', '魏詩涵', 1);
INSERT INTO `user` VALUES (21848, '84d933a3c5996ba8f001e52600d3754a', '曹睿', 1);
INSERT INTO `user` VALUES (21849, '7f2989b52db95d932a0321077b15f62d', '戴岚', 1);
INSERT INTO `user` VALUES (21850, '3448da79810cbfa17b1beb777a413e82', '石詩涵', 1);
INSERT INTO `user` VALUES (21851, 'c375d54cd4663263887d9b39f65742bf', '夏子韬', 1);
INSERT INTO `user` VALUES (21852, 'a3f9195a601a9e0772e23cc9049f1381', '于岚', 1);
INSERT INTO `user` VALUES (21853, '0647b77ce86b5a405dd40c59da966713', '严震南', 1);
INSERT INTO `user` VALUES (21854, 'bf4924281583e688c442e5d315f8fc34', '潘詩涵', 1);
INSERT INTO `user` VALUES (21855, 'aa4825f2f6533b86b99f94d66c2182b8', '金嘉伦', 1);
INSERT INTO `user` VALUES (21856, 'ed4a0d1c8e4db41cd44b1883dd4b0018', '丁嘉伦', 1);
INSERT INTO `user` VALUES (21857, '1aa218882f8605ee6996ebd2b15e0f63', '萧嘉伦', 1);
INSERT INTO `user` VALUES (21858, '4285e7d47863d4dee1b4d9f2a45cc6b9', '潘晓明', 1);
INSERT INTO `user` VALUES (21859, '2343e44d65850b5f017866b668ceb98c', '龚詩涵', 1);
INSERT INTO `user` VALUES (21860, '93ca1563ae4067331dcba9168e50dcf8', '何晓明', 1);
INSERT INTO `user` VALUES (21861, 'be0e007e31222bbf0b3c028e5f5d2fcb', '贺子异', 1);
INSERT INTO `user` VALUES (21862, 'b2b4982260d18347ab5227e95f02785c', '杨子韬', 1);
INSERT INTO `user` VALUES (21863, '422c8b23eca340b16a4acd3e2f96d52a', '阎詩涵', 1);
INSERT INTO `user` VALUES (21864, '61f821f8a0ea715a0824ab5ea4134296', '阎嘉伦', 1);
INSERT INTO `user` VALUES (21865, '61a6d742aa74b20fc64591680c670ef0', '蒋子韬', 1);
INSERT INTO `user` VALUES (21866, 'ded60c63855c663801cc3585befbde0f', '冯安琪', 1);
INSERT INTO `user` VALUES (21867, 'c41d434385dfd315cca0ab81cf6b41c6', '陆璐', 1);
INSERT INTO `user` VALUES (21868, '65fe1c74adfed7390efba2e09cbd2fb6', '董杰宏', 1);
INSERT INTO `user` VALUES (21869, '49883c81cf2dda952626277edb5581ad', '曾安琪', 1);
INSERT INTO `user` VALUES (21870, '807bd2c61a947c9ac71a81730f4be86f', '武致远', 1);
INSERT INTO `user` VALUES (21871, '4dd33dfeecaa1868f5213e0a76c011d5', '龙秀英', 1);
INSERT INTO `user` VALUES (21872, 'b7c4785f48967814d4b7b3114bdcfd85', '胡睿', 1);
INSERT INTO `user` VALUES (21873, 'ad931912bc0193b67bf80e24a3f0e7cd', '杨嘉伦', 1);
INSERT INTO `user` VALUES (21874, 'e54cd1a19329e7ba78ff163ef97af162', '刘云熙', 1);
INSERT INTO `user` VALUES (21875, '7fdfcd9f19470714bb8193a7a3db9b89', '谭子异', 1);
INSERT INTO `user` VALUES (21876, '39688eb4a9dd6ae52d261ff81086acd9', '龙杰宏', 1);
INSERT INTO `user` VALUES (21877, 'bd0772100e3c12c1c52add01a7719cc0', '董宇宁', 1);
INSERT INTO `user` VALUES (30000, '01e1c5afc49757d95f892d025e92a3ae', '张三', 0);
INSERT INTO `user` VALUES (30001, '57e1bb0a17eb47a98f194fa96e68dc54', '李四', 0);
INSERT INTO `user` VALUES (30002, 'af50b591950ee5edccd262f09710eb13', '胡星', 1);
INSERT INTO `user` VALUES (30003, '340de51df46f544f981f49dc599ad3a6', '小明', 1);
INSERT INTO `user` VALUES (30004, '7f715c164c5eb485b58c843dcd375655', '小红', 1);
INSERT INTO `user` VALUES (30005, '78fa47d75ae5daebbd7460c904b83ff6', 'danking', 1);
INSERT INTO `user` VALUES (30006, '6aa2da7390412593a1e6cd45578518c2', '胡星', 1);

-- ----------------------------
-- Triggers structure for table course_selection
-- ----------------------------
DROP TRIGGER IF EXISTS `update_course_capacity_on_withdrawal`;
delimiter ;;
CREATE TRIGGER `update_course_capacity_on_withdrawal` AFTER DELETE ON `course_selection` FOR EACH ROW BEGIN
    UPDATE course_schedule
    SET capacity = capacity + 1
    WHERE course_id = OLD.course_id
      AND semester = OLD.semester
      AND teacher_id = OLD.teacher_id;
END
;;
delimiter ;

SET FOREIGN_KEY_CHECKS = 1;
